ds,Actuals,Forecast
2015-01-02,22.0,16.62645836567336
2015-01-05,21.95,15.507224559821426
2015-01-06,21.89,15.17580453066958
2015-01-07,21.84,14.800263182895605
2015-01-08,21.78,14.504156049107154
2015-01-09,21.73,13.914884805111823
2015-01-12,21.67,13.351429453661993
2015-01-13,21.61,13.241036066483105
2015-01-14,21.55,13.094081167979239
2015-01-15,21.49,13.027906350342931
2015-01-16,21.43,12.663928329347812
2015-01-19,21.37,12.695479978664642
2015-01-20,21.31,12.742048726817782
2015-01-21,21.26,12.726199760080744
2015-01-22,21.2,12.763574878072383
2015-01-23,21.14,12.474895303343459
2015-01-26,21.04,12.570987071567654
2015-01-27,20.94,12.592783089259663
2015-01-28,20.84,12.534901839464933
2015-01-29,20.73,12.517571376167306
2015-01-30,20.63,12.166613663831539
2015-02-02,20.53,12.085768084269326
2015-02-03,20.43,12.070557084039763
2015-02-04,20.33,11.995487313002837
2015-02-05,20.23,11.985423058486703
2015-02-06,20.13,11.670158319231302
2015-02-09,20.01,11.89396940512988
2015-02-10,19.9,12.050240801007549
2015-02-11,19.79,12.180960349933148
2015-02-12,19.68,12.408927226503472
2015-02-13,19.57,12.360777831893968
2015-02-16,19.47,13.513852138846996
2015-02-17,19.36,14.002704486590922
2015-02-18,19.25,14.465846948629807
2015-02-19,19.14,15.018480293908837
2015-02-20,19.03,15.279462903030433
2015-02-23,18.92,17.190389788599813
2015-02-24,18.82,17.851759424208478
2015-02-25,18.71,18.43716427791511
2015-02-26,18.6,19.056993615387455
2015-02-27,18.49,19.32637235618243
2015-03-02,18.39,20.890711027867482
2015-03-03,18.32,21.312873307871484
2015-03-04,18.25,21.60072154549827
2015-03-05,18.17,21.86871436808289
2015-03-06,18.1,21.73727334054795
2015-03-09,18.03,21.874232825271196
2015-03-10,17.96,21.772919688412472
2015-03-11,17.89,21.528626802104213
2015-03-12,17.82,21.265420901909568
2015-03-13,17.75,20.613372346585408
2015-03-16,17.68,19.34468480859029
2015-03-17,17.6,18.8550424913625
2015-03-18,17.53,18.27459963387992
2015-03-19,17.46,17.73311757670934
2015-03-20,17.39,16.86514728471769
2015-03-23,17.32,15.347665545318463
2015-03-24,17.25,14.909417068786137
2015-03-25,17.18,14.444728293544543
2015-03-26,17.11,14.07968818381966
2015-03-27,17.03,13.44396489276232
2015-03-30,17.0,12.893748772627989
2015-03-31,16.96,12.842594678086744
2015-04-01,16.93,12.78317337340543
2015-04-02,16.89,12.832631084267511
2015-04-07,16.86,13.50279292956068
2015-04-08,16.82,13.73748253098628
2015-04-09,16.79,14.03731426175373
2015-04-10,16.75,14.018665051607915
2015-04-13,16.71,14.920777534291094
2015-04-14,16.68,15.19174967525054
2015-04-15,16.64,15.363639627602584
2015-04-16,16.61,15.550691040975725
2015-04-17,16.57,15.372734111402893
2015-04-20,16.53,15.564552379799997
2015-04-21,16.5,15.540075905091141
2015-04-22,16.46,15.397648445630214
2015-04-23,16.43,15.25813514605936
2015-04-24,16.39,14.748003139508567
2015-04-27,16.36,13.973285216591014
2015-04-28,16.32,13.656052568192445
2015-04-29,16.29,13.244020403560292
2015-04-30,16.25,12.862174071421755
2015-05-01,16.22,12.140385822238668
2015-05-04,16.4,10.937474979063264
2015-05-05,16.58,10.550204599376427
2015-05-06,16.76,10.10453465434631
2015-05-07,16.94,9.724471859993109
2015-05-08,17.12,9.0383200338208
2015-05-11,17.09,8.122514846797152
2015-05-12,17.06,7.88155244020394
2015-05-13,17.03,7.602163394512674
2015-05-14,17.0,7.404979965881488
2015-05-15,16.97,6.914929841031308
2015-05-18,16.94,6.634481671338165
2015-05-19,16.91,6.611137798768418
2015-05-20,16.88,6.547972747838234
2015-05-21,16.85,6.563465812849767
2015-05-22,16.82,6.280703216301863
2015-05-25,16.79,6.576012512704404
2015-05-26,16.76,6.726083008735941
2015-05-27,16.73,6.8261575212943075
2015-05-28,16.7,6.994485392072804
2015-05-29,16.67,6.854089595168309
2015-06-01,16.64,7.51479641206117
2015-06-02,16.62,7.766806531958028
2015-06-03,16.59,7.9593102952522745
2015-06-04,16.56,8.210798200873025
2015-06-05,16.53,8.144504738474161
2015-06-08,16.5,8.974719356108327
2015-06-09,16.47,9.265974339460254
2015-06-10,16.44,9.489211892411486
2015-06-11,16.41,9.762994266462112
2015-06-12,16.38,9.71065663068244
2015-06-15,16.35,10.53462276100967
2015-06-16,16.32,10.808851594198082
2015-06-17,16.29,11.00843428873456
2015-06-18,16.26,11.252646071813794
2015-06-19,16.23,11.165684103924491
2015-06-22,16.2,11.866262302592958
2015-06-23,16.17,12.09711095498453
2015-06-24,16.14,12.254571268107414
2015-06-25,16.11,12.459443043079073
2015-06-26,16.08,12.337461736282528
2015-06-29,16.05,12.97362098475336
2015-06-30,16.02,13.200916956139288
2015-07-01,15.99,13.365551970892458
2015-07-02,15.96,13.589047220233695
2015-07-03,15.93,13.497582724646817
2015-07-06,16.01,14.29639394897207
2015-07-07,16.1,14.599843024316302
2015-07-08,16.18,14.849863922270291
2015-07-09,16.27,15.166444069501814
2015-07-10,16.35,15.173932341335364
2015-07-13,16.44,16.282834733443643
2015-07-14,16.52,16.68585672676393
2015-07-15,16.61,17.029220096176058
2015-07-16,16.69,17.430307658677
2015-07-17,16.78,17.51095816490993
2015-07-20,16.86,18.74904960471646
2015-07-21,16.95,19.1590438206423
2015-07-22,17.03,19.489251890391778
2015-07-23,17.12,19.856457669788554
2015-07-24,17.2,19.882385023471073
2015-07-27,17.29,20.83773652715388
2015-07-28,17.37,21.118668515433825
2015-07-29,17.46,21.305978902027334
2015-07-30,17.54,21.519257491434743
2015-07-31,17.63,21.383408264886757
2015-08-03,17.6,21.8423817743607
2015-08-04,17.58,21.967075400599253
2015-08-05,17.55,22.009363908307794
2015-08-06,17.52,22.0927109696795
2015-08-07,17.5,21.845712492863548
2015-08-10,17.47,22.116391941648956
2015-08-11,17.45,22.235518102972456
2015-08-12,17.42,22.304018212843452
2015-08-13,17.4,22.446423597358972
2015-08-14,17.37,22.2917888863246
2015-08-17,17.35,23.03455982783588
2015-08-18,17.32,23.37132504116442
2015-08-19,17.3,23.683754321459425
2015-08-20,17.27,24.093255744969028
2015-08-21,17.25,24.225288122577346
2015-08-24,17.22,25.90379679364525
2015-08-25,17.2,26.562421701556435
2015-08-26,17.17,27.193606512683544
2015-08-27,17.15,27.913823400981336
2015-08-28,17.12,28.343646500988125
2015-08-31,17.1,30.791452716891726
2015-09-01,17.04,31.65088515821722
2015-09-02,16.99,32.44875594449771
2015-09-03,16.93,33.298346857072474
2015-09-04,16.88,33.817490045281986
2015-09-07,16.82,36.27271489846383
2015-09-08,16.77,37.04351666575456
2015-09-09,16.71,37.70632413115965
2015-09-10,16.66,38.37462380434009
2015-09-11,16.6,38.666920566681405
2015-09-14,16.55,40.18156443668141
2015-09-15,16.49,40.55859683986485
2015-09-16,16.44,40.791639633404884
2015-09-17,16.38,40.99713835982541
2015-09-18,16.33,40.79683890256409
2015-09-21,16.27,40.690977193462686
2015-09-22,16.22,40.49331460153397
2015-09-23,16.16,40.14134559338137
2015-09-24,16.11,39.75588464271314
2015-09-25,16.05,38.963145122943004
2015-09-28,16.0,37.11667305370671
2015-09-29,15.94,36.366344578302844
2015-09-30,15.89,35.48306930805441
2015-10-01,15.96,34.59210603651992
2015-10-02,16.03,33.323983847086794
2015-10-05,16.1,30.272378534947
2015-10-06,16.16,29.206155477453695
2015-10-07,16.23,28.05514726446684
2015-10-08,16.3,26.94716591921765
2015-10-09,16.37,25.51482400645073
2015-10-12,16.43,22.300167369625463
2015-10-13,16.5,21.2907832447977
2015-10-14,16.57,20.251282707681455
2015-10-15,16.64,19.30792796683302
2015-10-16,16.7,18.091109023371345
2015-10-19,16.77,15.796337660986723
2015-10-20,16.84,15.170924170613462
2015-10-21,16.91,14.545807566107777
2015-10-22,16.98,14.04160246205315
2015-10-23,17.04,13.282700273009802
2015-10-26,17.11,12.411054549469686
2015-10-27,17.18,12.255065078385712
2015-10-28,17.25,12.08642216584076
2015-10-29,17.32,12.019837626291684
2015-10-30,17.39,11.674215093991823
2015-11-02,17.33,11.849923672608675
2015-11-03,17.28,11.966871500540478
2015-11-04,17.22,12.02906003090039
2015-11-05,17.17,12.150102854839927
2015-11-06,17.11,11.948722275040922
2015-11-09,17.05,12.30873292384862
2015-11-10,17.0,12.41262736022694
2015-11-11,16.94,12.43065819659653
2015-11-12,16.89,12.481136702886909
2015-11-13,16.83,12.188011159000881
2015-11-16,16.78,12.203192749303616
2015-11-17,16.72,12.188868463082938
2015-11-18,16.67,12.096868156362836
2015-11-19,16.61,12.051006570137345
2015-11-20,16.56,11.68027536910731
2015-11-23,16.5,11.615942686143034
2015-11-24,16.45,11.635929457521609
2015-11-25,16.39,11.611265533593492
2015-11-26,16.34,11.665883880946485
2015-11-27,16.28,11.427898494206609
2015-11-30,16.23,11.932140876820608
2015-12-01,16.17,12.186234953522852
2015-12-02,16.12,12.409948279809228
2015-12-03,16.06,12.721485107058676
2015-12-04,16.01,12.742810833975295
2015-12-07,16.07,13.974843535475483
2015-12-08,16.13,14.433467649405038
2015-12-09,16.19,14.832653946440564
2015-12-10,16.25,15.285317885775324
2015-12-11,16.31,15.408823411579023
2015-12-14,16.37,16.680499867186438
2015-12-15,16.43,17.05720391551133
2015-12-16,16.49,17.326472099085972
2015-12-17,16.55,17.602601845136952
2015-12-18,16.61,17.505413318230698
2015-12-21,16.67,17.889484800736273
2015-12-22,16.73,17.912602589418277
2015-12-23,16.79,17.809882518973893
2015-12-24,16.85,17.702626674496155
2015-12-25,16.85,17.217917274014816
2015-12-28,16.91,16.487414506805912
2015-12-29,16.97,16.178106642054406
2015-12-30,17.03,15.772895777526967
2015-12-31,17.09,15.39829910606749
2016-01-01,17.09,14.685756739673456
2016-01-04,16.7,13.537603782008878
2016-01-05,16.3,13.18197286911843
2016-01-06,15.91,12.776295920102967
2016-01-07,15.52,12.445137592388903
2016-01-08,15.12,11.816998225798187
2016-01-11,14.73,11.125705528566149
2016-01-12,14.34,10.972843434406242
2016-01-13,13.95,10.785321760410403
2016-01-14,13.56,10.681447682928985
2016-01-15,13.16,10.283477092113957
2016-01-18,12.77,10.241342161061139
2016-01-19,12.38,10.273910223385226
2016-01-20,11.99,10.249434922095102
2016-01-21,11.6,10.283328737853394
2016-01-22,11.2,9.99590194126212
2016-01-25,11.5,10.1176350768444
2016-01-26,11.8,10.152441942012318
2016-01-27,12.09,10.108151308236735
2016-01-28,12.39,10.103921126762518
2016-01-29,12.69,9.76449638366568
2016-02-01,12.41,9.698675245557943
2016-02-02,12.14,9.678982192297333
2016-02-03,11.86,9.593517640497375
2016-02-04,11.58,9.566687005932051
2016-02-05,11.31,9.22801396822576
2016-02-08,11.03,9.342109658949042
2016-02-09,10.75,9.449814015802845
2016-02-10,10.47,9.527063328771908
2016-02-11,10.2,9.697595419418231
2016-02-12,10.2,9.589147131239564
2016-02-15,10.41,10.557014650959855
2016-02-16,10.61,10.987389809116767
2016-02-17,10.82,11.396111480842332
2016-02-18,11.02,11.899807107692615
2016-02-19,11.23,12.11868988415975
2016-02-22,11.43,13.956077549501767
2016-02-23,11.64,14.6136063252314
2016-02-24,11.84,15.206543759559334
2016-02-25,12.05,15.845555822927295
2016-02-26,12.25,16.14579546066962
2016-02-29,12.46,17.869271331232454
2016-03-01,12.17,18.36426369962303
2016-03-02,11.88,18.733065537389514
2016-03-03,11.59,19.088776621952913
2016-03-04,11.3,19.050299530174414
2016-03-07,12.0,19.480746080413407
2016-03-08,12.7,19.476200557041473
2016-03-09,13.4,19.325169564096594
2016-03-10,14.1,19.150011490468383
2016-03-11,14.8,18.579193420677882
2016-03-14,14.58,17.499560517849215
2016-03-15,14.36,17.05111954231852
2016-03-16,14.14,16.49973536807026
2016-03-17,13.93,15.974803704568625
2016-03-18,13.71,15.11077171776724
2016-03-21,13.49,13.532289433881724
2016-03-22,13.27,13.051620390866358
2016-03-23,13.05,12.535117325553813
2016-03-24,12.84,12.110144420452233
2016-03-25,12.84,11.407794750392696
2016-03-28,12.62,10.63331991861551
2016-03-29,12.4,10.504804601417666
2016-03-30,12.18,10.369476576280052
2016-03-31,11.96,10.346061116175719
2016-04-01,11.74,10.056744530633242
2016-04-04,11.73,10.501286996113835
2016-04-05,11.72,10.744157788745152
2016-04-06,11.72,10.949927117015333
2016-04-07,11.71,11.230755011800206
2016-04-08,11.7,11.203195026770821
2016-04-11,11.7,12.137678806399606
2016-04-12,11.69,12.437654997699719
2016-04-13,11.68,12.64646594930622
2016-04-14,11.68,12.877416979682774
2016-04-15,11.67,12.749284436271486
2016-04-18,11.66,13.114426537215083
2016-04-19,11.66,13.151586325849282
2016-04-20,11.65,13.070684497479764
2016-04-21,11.64,12.991418402877757
2016-04-22,11.64,12.539158853017257
2016-04-25,11.63,11.914326852064944
2016-04-26,11.62,11.63658409020346
2016-04-27,11.62,11.257860954659328
2016-04-28,11.61,10.902789260164623
2016-04-29,11.6,10.201030954195486
2016-05-02,11.68,9.017684965752835
2016-05-03,11.75,8.6240298095021
2016-05-04,11.83,8.166091442057667
2016-05-05,11.9,7.768349192224926
2016-05-06,11.98,7.059644301590411
2016-05-09,12.05,6.052932186233519
2016-05-10,12.13,5.776008061280476
2016-05-11,12.2,5.458865039680198
2016-05-12,12.28,5.222725007115885
2016-05-13,12.35,4.693067644000797
2016-05-16,12.43,4.294683030557071
2016-05-17,12.5,4.233639283059031
2016-05-18,12.58,4.134091541806214
2016-05-19,12.65,4.1147379601184415
2016-05-20,12.73,3.798828879984839
2016-05-23,12.8,4.005824389059759
2016-05-24,12.88,4.130278315310354
2016-05-25,12.95,4.206629735705599
2016-05-26,13.03,4.353088289617249
2016-05-27,13.1,4.1926270200252045
2016-05-30,13.18,4.80342487349237
2016-05-31,13.25,5.042067172262525
2016-06-01,13.27,5.222775697607727
2016-06-02,13.29,5.4640175942370615
2016-06-03,13.32,5.38901249135855
2016-06-06,13.34,6.20223071559982
2016-06-07,13.36,6.490847511278918
2016-06-08,13.39,6.712938533752671
2016-06-09,13.41,6.987035911032673
2016-06-10,13.43,6.936427177473849
2016-06-13,13.46,7.773245471522967
2016-06-14,13.48,8.053907778597925
2016-06-15,13.5,8.260724258864892
2016-06-16,13.53,8.512762846669347
2016-06-17,13.55,8.433987511894141
2016-06-20,13.57,9.158646924438822
2016-06-21,13.6,9.396420431747412
2016-06-22,13.62,9.55977530514568
2016-06-23,13.64,9.769235514761455
2016-06-24,13.67,9.65028022778663
2016-06-27,13.69,10.284050155518882
2016-06-28,13.71,10.506241162616751
2016-06-29,13.74,10.663503424011159
2016-06-30,13.76,10.877378769867866
2016-07-01,13.78,10.774131729946586
2016-07-04,13.06,11.526433780831772
2016-07-05,12.33,11.811573584927146
2016-07-06,11.61,12.042478523097499
2016-07-07,10.88,12.339563095558871
2016-07-08,10.16,12.327636780711883
2016-07-11,10.34,13.383654849857592
2016-07-12,10.52,13.772462033111829
2016-07-13,10.69,14.104086139317994
2016-07-14,10.87,14.49631712188889
2016-07-15,11.05,14.571347204823413
2016-07-18,11.22,15.81449558630605
2016-07-19,11.4,16.233908513480728
2016-07-20,11.58,16.577389376020342
2016-07-21,11.75,16.96157136420039
2016-07-22,11.93,17.0079314216623
2016-07-25,12.11,18.041478644689914
2016-07-26,12.28,18.352416183417553
2016-07-27,12.46,18.570683152159106
2016-07-28,12.64,18.815179105948303
2016-07-29,12.81,18.71008484086417
2016-08-01,11.0,19.25115279940956
2016-08-02,11.04,19.39741518839274
2016-08-03,11.09,19.457258020205007
2016-08-04,11.13,19.553559590835302
2016-08-05,11.17,19.314406517523334
2016-08-08,11.22,19.57425829456169
2016-08-09,11.26,19.67760781670284
2016-08-10,11.3,19.72417385322076
2016-08-11,11.35,19.83861895834997
2016-08-12,11.39,19.650245330281244
2016-08-15,11.43,20.261256111004435
2016-08-16,11.48,20.545796182959098
2016-08-17,11.52,20.803001372359425
2016-08-18,11.56,21.155076209269804
2016-08-19,11.61,21.228326556371577
2016-08-22,11.65,22.731277741618594
2016-08-23,11.69,23.3522446042488
2016-08-24,11.74,23.94889434333169
2016-08-25,11.78,24.63854237669819
2016-08-26,11.82,25.04255805722572
2016-08-29,11.87,27.448524284025243
2016-08-30,11.91,28.307837035292906
2016-08-31,11.96,29.113276798349446
2016-09-01,12.0,29.978457081645487
2016-09-02,12.25,30.521449795858864
2016-09-05,12.49,33.09880832142363
2016-09-06,12.74,33.927079455292024
2016-09-07,12.99,34.655472121296825
2016-09-08,13.24,35.39719672737967
2016-09-09,13.49,35.77041007069484
2016-09-12,13.73,37.56830419854711
2016-09-13,13.98,38.05148510077961
2016-09-14,14.23,38.3955338029331
2016-09-15,14.48,38.716226797419964
2016-09-16,14.73,38.634604946739586
2016-09-19,14.97,38.89818025584255
2016-09-20,15.22,38.82551469197994
2016-09-21,15.47,38.59811626805159
2016-09-22,15.72,38.33597148811948
2016-09-23,15.97,37.66446151140895
2016-09-26,16.21,36.16089070867501
2016-09-27,16.46,35.51524032501962
2016-09-28,16.71,34.73054171691716
2016-09-29,16.96,33.931330002410824
2016-09-30,17.21,32.74745637845612
2016-10-03,16.99,29.897682454522958
2016-10-04,16.77,28.880160433381995
2016-10-05,16.55,27.767976080852513
2016-10-06,16.33,26.688734385156025
2016-10-07,16.11,25.27494945745659
2016-10-10,15.9,22.055635149749918
2016-10-11,15.68,21.025454894246494
2016-10-12,15.46,19.956278780991624
2016-10-13,15.24,18.97499658491928
2016-10-14,15.02,17.71274065999247
2016-10-17,14.81,15.245561598309862
2016-10-18,14.59,14.554061792813535
2016-10-19,14.37,13.860419762182046
2016-10-20,14.15,13.286432013370526
2016-10-21,13.93,12.45768447917623
2016-10-24,13.72,11.387813503249555
2016-10-25,13.5,11.173176892339393
2016-10-26,13.28,10.951236293087945
2016-10-27,13.06,10.837526949194368
2016-10-28,12.84,10.451645854127353
2016-10-31,13.01,10.55246965596794
2016-11-01,13.18,10.660502493867584
2016-11-02,13.35,10.721748659943598
2016-11-03,13.52,10.849535611067315
2016-11-04,13.69,10.662135947610794
2016-11-07,13.86,11.100796871020359
2016-11-08,14.03,11.240279603168348
2016-11-09,14.2,11.29690976536849
2016-11-10,14.37,11.387897882888646
2016-11-11,14.54,11.136064223330052
2016-11-14,14.71,11.26870920939037
2016-11-15,14.88,11.287951563114028
2016-11-16,15.05,11.22521670708401
2016-11-17,15.22,11.203595880786397
2016-11-18,15.39,10.85150626340001
2016-11-21,15.56,10.806297320085154
2016-11-22,15.73,10.820231583569893
2016-11-23,15.9,10.783685873821847
2016-11-24,16.07,10.821095178376773
2016-11-25,16.24,10.56124302177484
2016-11-28,16.42,10.980792169040832
2016-11-29,16.59,11.203807991715168
2016-11-30,16.76,11.396969890622495
2016-12-01,16.93,11.67970640354537
2016-12-02,17.1,11.675199996889983
2016-12-05,17.27,12.85895461108891
2016-12-06,17.44,13.314567502578997
2016-12-07,17.61,13.71863006818557
2016-12-08,17.78,14.18462349094677
2016-12-09,17.95,14.330291176112961
2016-12-12,17.37,15.722240116335739
2016-12-13,16.79,16.15620226190465
2016-12-14,16.22,16.490431725347086
2016-12-15,15.64,16.8384196699555
2016-12-16,15.06,16.819018220245116
2016-12-19,15.37,17.46041577842761
2016-12-20,15.67,17.572982026615254
2016-12-21,15.98,17.559274527206103
2016-12-22,16.29,17.539232457814474
2016-12-23,16.6,17.13862165232706
2016-12-26,16.9,16.62991077731856
2016-12-27,17.21,16.38107246997189
2016-12-28,17.52,16.028358906960047
2016-12-29,17.83,15.69782178537583
2016-12-30,18.14,15.020638068734023
2017-01-02,18.3,13.926813174154262
2017-01-03,18.47,13.57319216703964
2017-01-04,18.64,13.162508517802266
2017-01-05,18.8,12.820183918106022
2017-01-06,18.97,12.17570084151184
2017-01-09,19.14,11.415403426665687
2017-01-10,19.3,11.23678145993802
2017-01-11,19.47,11.0240574291475
2017-01-12,19.64,10.896624788281203
2017-01-13,19.8,10.477732635235288
2017-01-16,19.08,10.39664729770872
2017-01-17,18.35,10.42604211556198
2017-01-18,17.63,10.403787440345189
2017-01-19,16.91,10.445304123652212
2017-01-20,16.19,10.170719990096941
2017-01-23,16.15,10.357790234490837
2017-01-24,16.11,10.421021028009504
2017-01-25,16.08,10.407011678068258
2017-01-26,16.04,10.433905092277982
2017-01-27,16.0,10.125383091199993
2017-01-30,15.96,10.14028613258947
2017-01-31,15.92,10.14017769077864
2017-02-01,15.79,10.069195734830412
2017-02-02,15.66,10.051077128895482
2017-02-03,15.52,9.71484218655291
2017-02-06,15.39,9.796422937254631
2017-02-07,15.26,9.880308628953284
2017-02-08,15.12,9.927920987810573
2017-02-09,14.99,10.063706056161099
2017-02-10,14.86,9.916295481213377
2017-02-13,14.72,10.753294614915239
2017-02-14,14.59,11.139756239770403
2017-02-15,14.46,11.506793035149173
2017-02-16,14.32,11.9724966291587
2017-02-17,14.19,12.158519076079035
2017-02-20,14.06,13.941349016504573
2017-02-21,13.92,14.599148205905966
2017-02-22,13.79,15.203051423966214
2017-02-23,13.66,15.864295856516037
2017-02-24,13.52,16.198371811786835
2017-02-27,13.39,18.09262344914452
2017-02-28,13.26,18.66624967885729
2017-03-01,13.83,19.123238597658826
2017-03-02,14.4,19.575571475521844
2017-03-03,14.96,19.640836768992433
2017-03-06,15.53,20.409771623422266
2017-03-07,16.1,20.521453801844284
2017-03-08,15.75,20.485369813720535
2017-03-09,15.4,20.422092108091345
2017-03-10,15.06,19.95835902775243
2017-03-13,14.71,19.15557240334728
2017-03-14,14.36,18.78018768927957
2017-03-15,14.01,18.290531847599876
2017-03-16,13.67,17.815317544896104
2017-03-17,13.32,16.988561641827594
2017-03-20,12.97,15.446874217655159
2017-03-21,12.62,14.954621932005367
2017-03-22,12.27,14.415804114453726
2017-03-23,11.93,13.958830941396132
2017-03-24,11.58,13.216028419829449
2017-03-27,12.09,12.283974643228213
2017-03-28,12.61,12.096174798100698
2017-03-29,13.13,11.90095563652443
2017-03-30,13.64,11.818697272702257
2017-03-31,14.16,11.473184525823719
2017-04-03,14.13,11.779468396944416
2017-04-04,14.1,11.990466261206823
2017-04-05,14.08,12.173081857358145
2017-04-06,14.05,12.440142388107652
2017-04-07,14.02,12.408652904856917
2017-04-10,14.0,13.391603129138817
2017-04-11,13.97,13.727162848194794
2017-04-12,13.94,13.98044657229872
2017-04-13,13.92,14.26400085462262
2017-04-14,13.89,14.19569661372501
2017-04-17,13.86,14.772950337949728
2017-04-18,13.84,14.887749876954222
2017-04-19,13.81,14.885901913086691
2017-04-20,13.78,14.885879504781789
2017-04-21,13.76,14.511871325427267
2017-04-24,13.73,14.105131043811399
2017-04-25,13.7,13.891466794364458
2017-04-26,13.68,13.571285025133115
2017-04-27,13.65,13.268684735187005
2017-04-28,13.62,12.612938320062858
2017-05-01,13.6,11.52710917199783
2017-05-02,13.57,11.15254164272664
2017-05-03,13.54,10.707332477806357
2017-05-04,13.52,10.316329687632503
2017-05-05,13.49,9.608828342764616
2017-05-08,13.46,8.577983493029981
2017-05-09,13.44,8.285785475257521
2017-05-10,13.41,7.9508027341991605
2017-05-11,13.38,7.694878641800412
2017-05-12,13.36,7.1440903294662
2017-05-15,13.33,6.679625898811997
2017-05-16,13.3,6.597210470826374
2017-05-17,13.28,6.477252882548678
2017-05-18,13.25,6.438742955575174
2017-05-19,13.22,6.105164143496795
2017-05-22,13.2,6.269592906008125
2017-05-23,13.17,6.383612196072635
2017-05-24,13.14,6.45144767013247
2017-05-25,13.12,6.591291325824983
2017-05-26,13.09,6.426080064193245
2017-05-29,13.06,7.0333143412410735
2017-05-30,13.04,7.274154446920798
2017-05-31,13.01,7.458675646348905
2017-06-01,12.99,7.705310088070352
2017-06-02,13.4,7.637251749832217
2017-06-05,13.81,8.480500290274481
2017-06-06,14.22,8.782169887722382
2017-06-07,14.64,9.018825118964063
2017-06-08,15.05,9.308983666588672
2017-06-09,15.46,9.27590664310698
2017-06-12,15.87,10.173608402669371
2017-06-13,16.28,10.477033647868696
2017-06-14,16.7,10.707632782324389
2017-06-15,17.11,10.984301821292327
2017-06-16,17.52,10.930804317696762
2017-06-19,17.93,11.73279915928741
2017-06-20,18.34,11.995959861624069
2017-06-21,18.75,12.184030968804734
2017-06-22,19.17,12.41724812730697
2017-06-23,19.58,12.320811124061844
2017-06-26,19.99,13.012222234544563
2017-06-27,20.4,13.249657856895606
2017-06-28,20.81,13.419956470471817
2017-06-29,21.23,13.644604900841097
2017-06-30,21.64,13.549872730942988
2017-07-03,20.94,14.3151780114785
2017-07-04,20.24,14.601129462375532
2017-07-05,19.55,14.831567053551092
2017-07-06,18.85,15.127277211458976
2017-07-07,18.15,15.113486558133914
2017-07-10,17.46,16.165619728024538
2017-07-11,16.76,16.555330331086108
2017-07-12,16.06,16.88976786202446
2017-07-13,15.37,17.287179074748302
2017-07-14,14.67,17.37017485069259
2017-07-17,14.7,18.657291294116852
2017-07-18,14.73,19.098818637111194
2017-07-19,14.77,19.4683208644467
2017-07-20,14.8,19.882400847406526
2017-07-21,14.83,19.962409055504683
2017-07-24,14.86,21.116703424139605
2017-07-25,14.89,21.473138916016104
2017-07-26,14.93,21.7386494614272
2017-07-27,14.96,22.031505717234133
2017-07-28,14.99,21.975208771883402
2017-07-31,15.02,22.65803620506617
2017-08-01,15.05,22.847547011921826
2017-08-02,15.09,22.9474415033775
2017-08-03,15.12,23.079936948615053
2017-08-04,15.15,22.872517658103792
2017-08-07,15.18,23.19595271715963
2017-08-08,15.22,23.30880622080005
2017-08-09,15.25,23.358720072591765
2017-08-10,15.28,23.470341132015406
2017-08-11,15.31,23.273073447380938
2017-08-14,15.34,23.82373307120911
2017-08-15,15.37,24.07839561397316
2017-08-16,15.41,24.301820962538084
2017-08-17,15.44,24.616927448084926
2017-08-18,15.47,24.650802534532097
2017-08-21,15.5,26.029727655053897
2017-08-22,15.53,26.592793167839815
2017-08-23,15.57,27.133561558173447
2017-08-24,15.6,27.770234299518087
2017-08-25,15.63,28.12503414244177
2017-08-28,15.66,30.413701206108282
2017-08-29,15.69,31.24630830865466
2017-08-30,15.73,32.0321898619354
2017-08-31,15.76,32.885403530453715
2017-09-01,15.79,33.42437568548651
2017-09-04,16.88,36.03951692595183
2017-09-05,17.98,36.89726333737422
2017-09-06,19.07,37.66348343736531
2017-09-07,20.17,38.45120849561868
2017-09-08,21.26,38.87833799817966
2017-09-11,22.36,40.881834204790366
2017-09-12,23.45,41.44663466682361
2017-09-13,24.55,41.877938886418065
2017-09-14,25.64,42.29090590360295
2017-09-15,26.74,42.30591725005924
2017-09-18,27.83,42.87842417670838
2017-09-19,28.93,42.9125601856723
2017-09-20,30.02,42.79255826150522
2017-09-21,31.12,42.63758926968903
2017-09-22,32.21,42.072208260858176
2017-09-25,33.31,40.872431822865266
2017-09-26,34.4,40.32043441017311
2017-09-27,35.5,39.624242909477374
2017-09-28,36.59,38.907623899790096
2017-09-29,37.69,37.79969485478012
2017-10-02,35.87,35.13123694201861
2017-10-03,34.06,34.15673939105922
2017-10-04,32.24,33.07810224870875
2017-10-05,30.42,32.02259845066589
2017-10-06,28.6,30.622509065324763
2017-10-09,26.79,27.383337477366943
2017-10-10,24.97,26.326580508494715
2017-10-11,23.15,25.221333418739263
2017-10-12,21.33,24.1949625478976
2017-10-13,19.52,22.87919815788467
2017-10-16,19.21,20.208653323952657
2017-10-17,18.89,19.438147644716235
2017-10-18,18.58,18.661631581219304
2017-10-19,18.26,18.00203957682087
2017-10-20,17.95,17.08613310436724
2017-10-23,17.64,15.75735290533101
2017-10-24,17.32,15.461131821047704
2017-10-25,17.01,15.16177027169989
2017-10-26,16.69,14.975765209989852
2017-10-27,16.38,14.523566984979945
2017-10-30,16.07,14.46786505644093
2017-10-31,15.75,14.539294963203972
2017-11-01,15.44,14.572029342012002
2017-11-02,15.12,14.679322291047347
2017-11-03,14.81,14.47920229517587
2017-11-06,14.5,14.921479238984805
2017-11-07,14.18,15.073744519891104
2017-11-08,13.87,15.147465241281843
2017-11-09,13.55,15.258822708883942
2017-11-10,13.24,15.029547493562777
2017-11-13,13.64,15.23176000014403
2017-11-14,14.05,15.27115384423326
2017-11-15,14.45,15.225353461581335
2017-11-16,14.86,15.216567882551217
2017-11-17,15.26,14.872456425696015
2017-11-20,15.67,14.8167247557897
2017-11-21,16.07,14.814747439105949
2017-11-22,16.48,14.756085473412018
2017-11-23,16.88,14.765451320609422
2017-11-24,17.29,14.472086727142164
2017-11-27,17.69,14.765336694608328
2017-11-28,18.1,14.940719140952735
2017-11-29,18.5,15.085281485835212
2017-11-30,18.91,15.319641746419295
2017-12-01,19.31,15.268203577187887
2017-12-04,19.31,16.331863248309002
2017-12-05,19.3,16.7580793981557
2017-12-06,19.3,17.13968885060504
2017-12-07,19.29,17.590947930892398
2017-12-08,19.28,17.730209958694374
2017-12-11,19.28,19.15620142695041
2017-12-12,19.27,19.61935588194064
2017-12-13,19.27,19.99123359832902
2017-12-14,19.26,20.384747013556993
2017-12-15,19.25,20.417985479216355
2017-12-18,19.25,21.249993158228524
2017-12-19,19.24,21.433038626702153
2017-12-20,19.23,21.491093216111057
2017-12-21,19.23,21.542721490792648
2017-12-22,19.22,21.212319873837405
2017-12-25,19.21,20.89254212684377
2017-12-26,19.21,20.69561248276027
2017-12-27,19.2,20.387686539015803
2017-12-28,19.19,20.094111752217586
2017-12-29,19.19,19.445550311075312
2018-01-01,19.19,18.385439281923574
2018-01-02,19.35,18.0259941605375
2018-01-03,19.52,17.60161199347702
2018-01-04,19.69,17.238380557027412
2018-01-05,19.85,16.566604052064072
2018-01-08,20.02,15.69613195260344
2018-01-09,20.19,15.475094743579511
2018-01-10,20.35,15.219069887522695
2018-01-11,20.52,15.048611271763228
2018-01-12,20.69,14.588072968826587
2018-01-15,20.85,14.399926527320739
2018-01-16,21.02,14.40213030862981
2018-01-17,21.19,14.357798380251266
2018-01-18,21.35,14.382599512173101
2018-01-19,21.52,14.09671800592329
2018-01-22,21.69,14.280132748240371
2018-01-23,21.85,14.350582668079712
2018-01-24,22.02,14.346803551198095
2018-01-25,22.19,14.386027085499839
2018-01-26,22.35,14.090937043984052
2018-01-29,22.52,14.142120981879932
2018-01-30,22.69,14.149242051999593
2018-01-31,22.85,14.081419186101979
2018-02-01,23.02,14.06154791774644
2018-02-02,23.0,13.71794225177766
2018-02-05,22.97,13.73915207647674
2018-02-06,22.94,13.789602216987433
2018-02-07,22.91,13.797358472386298
2018-02-08,22.88,13.887322996593067
2018-02-09,22.85,13.688786625554222
2018-02-12,22.82,14.349914806669466
2018-02-13,22.79,14.674134831841204
2018-02-14,22.76,14.979349706087444
2018-02-15,22.73,15.38509442506599
2018-02-16,22.7,15.514485701499
2018-02-19,22.67,17.16157191784123
2018-02-20,22.64,17.7898225963864
2018-02-21,22.61,18.373857984201546
2018-02-22,22.58,19.025752627348215
2018-02-23,22.55,19.36162388051771
2018-02-26,22.52,21.330876869249543
2018-02-27,22.49,21.952377902550268
2018-02-28,22.46,22.467883395064256
2018-03-01,22.43,22.988532320566875
2018-03-02,22.4,23.130847324885206
2018-03-05,22.37,24.169812067054103
2018-03-06,22.34,24.379209352322256
2018-03-07,22.31,24.441811867678155
2018-03-08,22.28,24.47639073489213
2018-03-09,22.25,24.107890255203536
2018-03-12,22.22,23.55805875720905
2018-03-13,22.19,23.25098826623164
2018-03-14,22.16,22.81950616748706
2018-03-15,22.13,22.391346422995483
2018-03-16,22.1,21.599781618151138
2018-03-19,22.07,20.088842078643427
2018-03-20,22.04,19.58198693932758
2018-03-21,22.01,19.01682840210956
2018-03-22,21.98,18.522553783322795
2018-03-23,21.95,17.732484211160383
2018-03-26,21.92,16.611518129004338
2018-03-27,21.89,16.349967534558804
2018-03-28,21.86,16.078297877485646
2018-03-29,21.83,15.918564059441842
2018-03-30,21.8,15.496214291360046
2018-04-02,21.77,15.591534730677147
2018-04-03,21.75,15.743432505627121
2018-04-04,21.72,15.87454467479011
2018-04-05,21.69,16.09862146545853
2018-04-06,21.66,16.033387759483112
2018-04-09,21.63,16.89760459536388
2018-04-10,21.6,17.2136149817642
2018-04-11,21.57,17.4569475844125
2018-04-12,21.54,17.73960411761407
2018-04-13,21.51,17.678736958226363
2018-04-16,21.48,18.318985306908402
2018-04-17,21.45,18.46469988197517
2018-04-18,21.42,18.496731209772346
2018-04-19,21.39,18.532311877453886
2018-04-20,21.36,18.194399694755845
2018-04-23,21.33,17.887277853623818
2018-04-24,21.3,17.700439806564756
2018-04-25,21.27,17.40240810974058
2018-04-26,21.24,17.11657594503328
2018-04-27,21.21,16.471647560629417
2018-04-30,21.18,15.379033809107423
2018-05-01,21.8,14.98865330762866
2018-05-02,22.43,14.520954528772556
2018-05-03,23.05,14.101026636695787
2018-05-04,23.67,13.358509681327032
2018-05-07,24.3,12.190763957394498
2018-05-08,24.92,11.844175875982387
2018-05-09,25.54,11.451446401317732
2018-05-10,26.17,11.135052098506446
2018-05-11,26.79,10.521695641665778
2018-05-14,27.41,9.862812496903635
2018-05-15,28.04,9.715111191481048
2018-05-16,28.66,9.5303810222343
2018-05-17,29.28,9.427978103709735
2018-05-18,29.91,9.031692450808173
2018-05-21,29.13,9.017314243888551
2018-05-22,28.35,9.075302312217115
2018-05-23,27.57,9.08901054252166
2018-05-24,26.79,9.176646342153862
2018-05-25,26.01,8.961134688686512
2018-05-28,25.23,9.428530012578152
2018-05-29,24.45,9.626274037085354
2018-05-30,23.67,9.769369793017754
2018-05-31,22.89,9.976203817710413
2018-06-01,22.11,9.869932811203025
2018-06-04,22.31,10.60783387544812
2018-06-05,22.52,10.877444536880134
2018-06-06,22.72,11.083560412755501
2018-06-07,22.92,11.344693289233856
2018-06-08,23.12,11.284092111665128
2018-06-11,23.33,12.107919539069648
2018-06-12,23.53,12.389422632102482
2018-06-13,23.73,12.599293315437182
2018-06-14,23.93,12.8562920449744
2018-06-15,24.13,12.784017726688894
2018-06-18,24.34,13.532975860331694
2018-06-19,24.54,13.778743419149379
2018-06-20,24.74,13.949111126277902
2018-06-21,24.94,14.164026441528826
2018-06-22,25.14,14.048399877051782
2018-06-25,25.35,14.674176894430095
2018-06-26,25.55,14.88624340739527
2018-06-27,25.75,15.029110487749668
2018-06-28,25.95,15.224141729689498
2018-06-29,26.15,15.097537386129884
2018-07-02,26.36,15.75390821209492
2018-07-03,26.56,15.999499055707707
2018-07-04,26.76,16.187907095957183
2018-07-05,26.96,16.440223717594794
2018-07-06,27.16,16.382034915365505
2018-07-09,27.37,17.299194523500855
2018-07-10,27.57,17.644887343774474
2018-07-11,27.77,17.936612383188937
2018-07-12,27.97,18.29310247348751
2018-07-13,28.17,18.337432804448312
2018-07-16,28.38,19.526131034436606
2018-07-17,28.58,19.941775349831858
2018-07-18,28.78,20.28920854434515
2018-07-19,28.98,20.685119268177285
2018-07-20,29.18,20.750851374308912
2018-07-23,29.39,21.884171413179203
2018-07-24,29.59,22.239923224297797
2018-07-25,29.79,22.50719122237977
2018-07-26,29.99,22.803698316908505
2018-07-27,30.19,22.752331446472617
2018-07-30,29.91,23.450755156544364
2018-07-31,29.62,23.643302991027817
2018-08-01,29.34,23.743923344301848
2018-08-02,29.05,23.87412056145481
2018-08-03,28.77,23.6600631045807
2018-08-06,28.48,23.935575336579824
2018-08-07,28.2,24.02157447852563
2018-08-08,27.91,24.038659763834417
2018-08-09,27.63,24.111318224933687
2018-08-10,27.34,23.868909012733134
2018-08-13,27.06,24.248378696828112
2018-08-14,26.77,24.435066387187806
2018-08-15,26.49,24.585836657074545
2018-08-16,26.2,24.82421939550623
2018-08-17,25.92,24.777996906109273
2018-08-20,25.63,25.904319222330653
2018-08-21,25.35,26.381955367951228
2018-08-22,25.06,26.838181504363327
2018-08-23,24.78,27.392106935950643
2018-08-24,24.49,27.666846563179114
2018-08-27,24.21,29.739861245526974
2018-08-28,23.92,30.51130694847596
2018-08-29,23.64,31.24249868733435
2018-08-30,23.35,32.04804530125002
2018-08-31,23.07,32.54683925694717
2018-09-03,23.61,35.08969292081298
2018-09-04,24.15,35.940071827206594
2018-09-05,24.69,36.70738386124664
2018-09-06,25.24,37.50458504659708
2018-09-07,25.78,37.94941599057983
2018-09-10,26.32,40.05261880346845
2018-09-11,26.86,40.66492052373531
2018-09-12,27.4,41.15006730737505
2018-09-13,27.94,41.62266008908761
2018-09-14,28.49,41.7024741847016
2018-09-17,29.03,42.4937712430921
2018-09-18,29.57,42.60656468627106
2018-09-19,29.93,42.566812923793705
2018-09-20,29.28,42.4928907471511
2018-09-21,28.63,42.00854091820603
2018-09-24,27.98,41.04349601428652
2018-09-25,27.33,40.564186411134
2018-09-26,26.68,39.93653406496103
2018-09-27,26.03,39.28350494826033
2018-09-28,25.38,38.23344059413746
2018-10-01,24.73,35.69700889947711
2018-10-02,24.08,34.7505017039948
2018-10-03,23.43,33.69091876607109
2018-10-04,22.78,32.645089400087244
2018-10-05,22.13,31.244939189911808
2018-10-08,21.48,27.945119659355726
2018-10-09,20.83,26.84785824424523
2018-10-10,20.18,25.692191066849276
2018-10-11,19.53,24.60580601509751
2018-10-12,18.88,23.220879088735572
2018-10-15,18.23,20.294218476862234
2018-10-16,17.58,19.424778596504304
2018-10-17,16.93,18.544118416892378
2018-10-18,16.28,17.776237716308685
2018-10-19,15.63,16.74902357074173
2018-10-22,15.76,15.079979504045905
2018-10-23,15.89,14.672178516028804
2018-10-24,16.02,14.264075839595325
2018-10-25,16.15,13.973238063302402
2018-10-26,16.28,13.421101354203975
2018-10-29,16.41,13.103146238697807
2018-10-30,16.54,13.101741262414453
2018-10-31,16.67,13.069581751687382
2018-11-01,16.8,13.120063368265935
2018-11-02,16.94,12.871184293155643
2018-11-05,17.07,13.21265215041489
2018-11-06,17.2,13.344722603701534
2018-11-07,17.33,13.40372061598725
2018-11-08,17.46,13.50490830281131
2018-11-09,17.59,13.269006070117198
2018-11-12,17.73,13.461647451155546
2018-11-13,17.86,13.49754453622941
2018-11-14,17.99,13.446272730279293
2018-11-15,18.12,13.42903605097486
2018-11-16,18.25,13.072584016552689
2018-11-19,18.38,12.949300586549331
2018-11-20,18.52,12.91299716641177
2018-11-21,18.65,12.813719478530054
2018-11-22,18.78,12.776224533789708
2018-11-23,18.91,12.429985343057071
2018-11-26,19.04,12.533521528773072
2018-11-27,19.17,12.63777747049535
2018-11-28,19.31,12.708850341448578
2018-11-29,19.44,12.868466080963278
2018-11-30,19.57,12.742205152028491
2018-12-03,19.14,13.593099487812797
2018-12-04,18.72,13.95626928786759
2018-12-05,18.3,14.280607675510218
2018-12-06,17.88,14.681322144269275
2018-12-07,17.46,14.777579264479542
2018-12-10,17.03,16.125417308340573
2018-12-11,16.61,16.58040385148653
2018-12-12,16.19,16.953015574894742
2018-12-13,15.77,17.355833287413056
2018-12-14,15.35,17.406415777027192
2018-12-17,14.93,18.330674805736372
2018-12-18,14.51,18.55443258737956
2018-12-19,14.09,18.656157350414503
2018-12-20,13.67,18.753079226994814
2018-12-21,13.25,18.468223936540852
2018-12-24,13.36,18.273046255039873
2018-12-25,13.47,18.109397615147614
2018-12-26,13.58,17.828753693427025
2018-12-27,13.69,17.555543787844847
2018-12-28,13.8,16.919680780708227
2018-12-31,13.91,15.84703055306856
2019-01-01,13.91,15.465995860427775
2019-01-02,13.98,15.011565943948503
2019-01-03,14.06,14.610272587086461
2019-01-04,14.13,13.893043877393508
2019-01-07,14.21,12.850386020639212
2019-01-08,14.28,12.563428774642269
2019-01-09,14.36,12.239118739708411
2019-01-10,14.43,11.999194323370956
2019-01-11,14.51,11.469178930288189
2019-01-14,14.58,11.083330361987407
2019-01-15,14.66,11.026305432204344
2019-01-16,14.73,10.927288620206472
2019-01-17,14.81,10.902427305937339
2019-01-18,14.88,10.572200894604808
2019-01-21,14.96,10.654575310387477
2019-01-22,15.03,10.701100316246464
2019-01-23,15.11,10.677381950477127
2019-01-24,15.18,10.699888227070778
2019-01-25,15.26,10.390417906473935
2019-01-28,15.33,10.402403746097798
2019-01-29,15.41,10.394223170612326
2019-01-30,15.48,10.308226667321712
2019-01-31,15.56,10.2663395395871
2019-02-01,15.63,9.896004980906671
2019-02-04,15.71,9.802115575906889
2019-02-05,15.78,9.801201209224832
2019-02-06,15.86,9.75089767902184
2019-02-07,15.93,9.776300494801937
2019-02-08,16.01,9.507104543177832
2019-02-11,16.08,9.926714969177432
2019-02-12,16.16,10.16383173354571
2019-02-13,16.23,10.380643547947923
2019-02-14,16.31,10.698051638248742
2019-02-15,16.38,10.740605057480757
2019-02-18,16.13,12.15072792410833
2019-02-19,15.88,12.712511157265544
2019-02-20,15.64,13.238454975378774
2019-02-21,15.39,13.841699292184058
2019-02-22,15.14,14.13924776183006
2019-02-25,14.89,16.06117160971243
2019-02-26,14.64,16.690150835041347
2019-02-27,14.39,17.224490784831726
2019-02-28,14.15,17.774789566821116
2019-03-01,13.9,17.95678615901508
2019-03-04,13.65,19.163855233586084
2019-03-05,13.4,19.440997943968455
2019-03-06,13.15,19.57451812552108
2019-03-07,12.9,19.681432811441642
2019-03-08,12.66,19.384889441953757
2019-03-11,12.41,19.030886846510228
2019-03-12,12.16,18.776830834135293
2019-03-13,11.91,18.389743487836494
2019-03-14,11.66,17.996116989547247
2019-03-15,11.41,17.22818966910656
2019-03-18,11.17,15.715986034564667
2019-03-19,10.92,15.183653865207475
2019-03-20,10.67,14.580644782262187
2019-03-21,10.42,14.036623926755132
2019-03-22,10.17,13.185631822537859
2019-03-25,10.38,11.82524105050072
2019-03-26,10.59,11.469350828642852
2019-03-27,10.79,11.098588746646556
2019-03-28,11.0,10.83664661429776
2019-03-29,11.21,10.310644514890868
2019-04-01,11.42,10.102812521273481
2019-04-02,11.62,10.161420128609702
2019-04-03,11.83,10.205423556301355
2019-04-04,12.04,10.34972748861641
2019-04-05,12.25,10.213028377667463
2019-04-08,12.46,10.996248095749216
2019-04-09,12.66,11.305229722934278
2019-04-10,12.87,11.551541730492819
2019-04-11,13.08,11.846882773402083
2019-04-12,13.29,11.807906750492572
2019-04-15,13.5,12.56153160915699
2019-04-16,13.7,12.757732918997956
2019-04-17,13.91,12.84473720709711
2019-04-18,14.12,12.938563495283578
2019-04-19,14.33,12.660930994700488
2019-04-22,14.54,12.534666844031118
2019-04-23,14.74,12.404303440956369
2019-04-24,14.95,12.159132652053659
2019-04-25,15.16,11.921682301388572
2019-04-26,15.37,11.319917605244619
2019-04-29,15.58,10.320165218800208
2019-04-30,15.78,9.947468783129805
2019-05-01,15.31,9.49064175163981
2019-05-02,14.84,9.074866478405
2019-05-03,14.36,8.329996087744899
2019-05-06,13.89,7.119805890832769
2019-05-07,13.42,6.748892997353942
2019-05-08,12.95,6.32770239325731
2019-05-09,12.47,5.9793325003165565
2019-05-10,12.0,5.331118841061507
2019-05-13,11.53,4.556561078638056
2019-05-14,11.06,4.368527550846494
2019-05-15,10.58,4.143438648060458
2019-05-16,10.11,4.001089484549674
2019-05-17,9.64,3.5656511893215104
2019-05-20,9.78,3.4414968795083514
2019-05-21,9.92,3.4661398454279926
2019-05-22,10.07,3.4483384709334377
2019-05-23,10.21,3.5063596849341163
2019-05-24,10.35,3.263151822970336
2019-05-27,10.49,3.658808100588212
2019-05-28,10.64,3.836285872248178
2019-05-29,10.78,3.9608512973819856
2019-05-30,10.92,4.15083810410461
2019-05-31,11.07,4.029355592215783
2019-06-03,11.21,4.7310873221195875
2019-06-04,11.35,4.991725128614958
2019-06-05,11.5,5.190392888326124
2019-06-06,11.64,5.445598242648505
2019-06-07,11.78,5.3805851133484035
2019-06-10,11.93,6.20011536689743
2019-06-11,12.07,6.483047641809627
2019-06-12,12.21,6.695671228084515
2019-06-13,12.36,6.9566459866124415
2019-06-14,12.5,6.889442440643768
2019-06-17,12.64,7.658464210798701
2019-06-18,12.79,7.911825894752403
2019-06-19,12.93,8.089825148921992
2019-06-20,13.07,8.312132759079311
2019-06-21,13.22,8.203372492994431
2019-06-24,13.36,8.843727637761665
2019-06-25,13.5,9.057749313614273
2019-06-26,13.65,9.200729228906653
2019-06-27,13.79,9.393849393462967
2019-06-28,13.93,9.263174300037505
2019-07-01,14.08,9.893834788117022
2019-07-02,13.78,10.126479938345945
2019-07-03,13.49,10.299976664851457
2019-07-04,13.2,10.535645961381038
2019-07-05,12.91,10.459364266835726
2019-07-08,12.62,11.31727318713382
2019-07-09,12.33,11.643003235205049
2019-07-10,12.03,11.915452729129987
2019-07-11,11.74,12.253849198702612
2019-07-12,11.45,12.28175728114368
2019-07-15,11.16,13.435755808611471
2019-07-16,10.87,13.845993271972322
2019-07-17,10.58,14.191605000269341
2019-07-18,10.28,14.589472968047811
2019-07-19,9.99,14.661049131186653
2019-07-22,10.01,15.83491405044441
2019-07-23,10.03,16.211269730710615
2019-07-24,10.04,16.50215830643083
2019-07-25,10.06,16.824852405118875
2019-07-26,10.08,16.80170960655007
2019-07-29,10.1,17.590767822464443
2019-07-30,10.12,17.813196390916595
2019-07-31,10.14,17.942308464667107
2019-08-01,10.16,18.098868766238
2019-08-02,10.22,17.90896793051951
2019-08-05,10.27,18.23327982377299
2019-08-06,10.33,18.325776864224522
2019-08-07,10.39,18.343739687662627
2019-08-08,10.45,18.411358884338465
2019-08-09,10.51,18.15780570528915
2019-08-12,10.56,18.467061123344276
2019-08-13,10.62,18.61861648689554
2019-08-14,10.68,18.72894307613277
2019-08-15,10.74,18.92206332679519
2019-08-16,10.8,18.8263485367923
2019-08-19,10.86,19.785924226953547
2019-08-20,10.91,20.204575629576887
2019-08-21,10.97,20.601569307440244
2019-08-22,11.03,21.09692166346312
2019-08-23,11.09,21.314657118712763
2019-08-26,11.15,23.2349034131922
2019-08-27,11.2,23.96427028060715
2019-08-28,11.26,24.659054680845458
2019-08-29,11.32,25.434515062247417
2019-08-30,11.38,25.910115540845904
2019-09-02,11.44,28.429179785697045
2019-09-03,11.52,29.28792062297535
2019-09-04,11.6,30.07202505713039
2019-09-05,11.69,30.894483384817747
2019-09-06,11.77,31.372982470374232
2019-09-09,11.85,33.62587458685756
2019-09-10,11.93,34.303324184792146
2019-09-11,12.01,34.860582193023355
2019-09-12,12.09,35.41175890840154
2019-09-13,12.17,35.576084375036956
2019-09-16,12.25,36.650316703624036
2019-09-17,12.33,36.86496535479177
2019-09-18,12.41,36.92962714343329
2019-09-19,12.49,36.9619072139035
2019-09-20,12.57,36.58475699768038
2019-09-23,12.66,35.93914927809543
2019-09-24,12.74,35.56283825218172
2019-09-25,12.82,35.03505997834562
2019-09-26,12.9,34.4779593978118
2019-09-27,12.98,33.51907245908265
2019-09-30,13.06,31.219999607288052
2019-10-01,12.77,30.338186260512355
2019-10-02,12.49,29.335025317013404
2019-10-03,12.2,28.336805390314385
2019-10-04,11.91,26.974987845706664
2019-10-07,11.62,23.731204178264193
2019-10-08,11.33,22.632372757705692
2019-10-09,11.05,21.464992090864676
2019-10-10,10.76,20.356916945166244
2019-10-11,10.47,18.940613774086593
2019-10-14,10.18,15.866466235953105
2019-10-15,9.9,14.932261419856513
2019-10-16,9.61,13.9804037223034
2019-10-17,9.32,13.135860597637082
2019-10-18,9.03,12.027566803023989
2019-10-21,8.74,10.100117708945616
2019-10-22,9.03,9.605062529596921
2019-10-23,9.32,9.111121586433661
2019-10-24,9.61,8.737006256888822
2019-10-25,9.9,8.10524005192367
2019-10-28,10.18,7.579858923172765
2019-10-29,10.47,7.522424308310212
2019-10-30,10.76,7.441763021942845
2019-10-31,11.05,7.45162192741658
2019-11-01,11.34,7.170183351255406
2019-11-04,11.63,7.461623402774105
2019-11-05,11.92,7.591816151422385
2019-11-06,12.2,7.655396817510444
2019-11-07,12.49,7.766852254020296
2019-11-08,12.78,7.546009919528258
2019-11-11,13.07,7.8023481829928025
2019-11-12,13.36,7.861976613962455
2019-11-13,13.65,7.833812315988588
2019-11-14,13.93,7.837971632834767
2019-11-15,14.22,7.50017921864192
2019-11-18,14.51,7.407684757273438
2019-11-19,14.8,7.370973095763016
2019-11-20,15.09,7.2652031406459106
2019-11-21,15.38,7.214944571728751
2019-11-22,15.66,6.8496679861265815
2019-11-25,15.95,6.861209679554799
2019-11-26,16.24,6.924978137752336
2019-11-27,16.53,6.951954183022268
2019-11-28,16.82,7.064847189389487
2019-11-29,17.11,6.890323928934268
2019-12-02,16.89,7.599020343118079
2019-12-03,16.67,7.919707281158617
2019-12-04,16.46,8.205994440132619
2019-12-05,16.24,8.574176560586052
2019-12-06,16.02,8.644401974627064
2019-12-09,15.8,9.960853926994158
2019-12-10,15.59,10.42266797716912
2019-12-11,15.37,10.811134934998382
2019-12-12,15.15,11.238760781830718
2019-12-13,14.93,11.322823584470052
2019-12-16,14.72,12.393799996939102
2019-12-17,14.5,12.679079853858404
2019-12-18,14.28,12.84685275895373
2019-12-19,14.06,13.01310477673922
2019-12-20,13.85,12.799541343617621
2019-12-23,13.63,12.816338334108544
2019-12-24,13.41,12.718232600460071
2019-12-25,13.19,12.498484632047195
2019-12-26,12.98,12.28042519073293
2019-12-27,12.76,11.693009985106531
2019-12-30,12.54,10.718478176070532
2019-12-31,12.32,10.353030948514261
2020-01-01,12.32,9.905449347232246
2020-01-02,12.64,9.502464999414816
2020-01-03,12.96,8.7754026257436
2020-01-06,13.27,7.661001567336713
2020-01-07,13.59,7.338992683474455
2020-01-08,13.91,6.975814082018489
2020-01-09,14.23,6.694361318072557
2020-01-10,14.54,6.121340964724929
2020-01-13,14.86,5.609150656293599
2020-01-14,15.18,5.514426022734078
2020-01-15,15.5,5.381416197000852
2020-01-16,15.81,5.3269586992008175
2020-01-17,16.13,4.972055700868004
2020-01-20,15.65,5.012387066657919
2020-01-21,15.17,5.055430326332948
2020-01-22,14.69,5.032964294808744
2020-01-23,14.22,5.060877675867699
2020-01-24,13.74,4.760239733846028
2020-01-27,13.26,4.810226701496672
2020-01-28,12.78,4.815145963889823
2020-01-29,12.31,4.740681985940768
2020-01-30,11.83,4.7077098523010035
2020-01-31,11.35,4.342682491443677
2020-02-03,11.2,4.23471628245541
2020-02-04,11.05,4.217035091757191
2020-02-05,10.9,4.143322819099772
2020-02-06,10.74,4.138606271078393
2020-02-07,10.59,3.8327208593341684
2020-02-10,10.44,4.107385219407864
2020-02-11,10.29,4.287066753927151
2020-02-12,10.13,4.443579230787936
2020-02-13,9.98,4.699060927662332
2020-02-14,9.83,4.679405280451222
2020-02-17,9.68,5.9155566201483545
2020-02-18,9.53,6.428401690877632
2020-02-19,9.37,6.9122452324220465
2020-02-20,9.22,7.481474225280902
2020-02-21,9.07,7.754197965285211
2020-02-24,8.92,9.665112147515307
2020-02-25,8.77,10.313273654762085
2020-02-26,8.61,10.878474057588104
2020-02-27,8.46,11.471085677359836
2020-02-28,8.31,11.70636893134457
2020-03-02,8.16,13.130757174063408
2020-03-03,7.73,13.495617702480793
2020-03-04,7.3,13.72210137576436
2020-03-05,6.87,13.925579040024743
2020-03-06,6.44,13.72746087845709
2020-03-09,6.01,13.66198444940335
2020-03-10,5.58,13.495975819689523
2020-03-11,5.15,13.190118514928225
2020-03-12,4.72,12.869442128262158
2020-03-13,4.29,12.164895381410203
2020-03-16,4.42,10.775673502074316
2020-03-17,4.54,10.259891282464462
2020-03-18,4.67,9.660820060731874
2020-03-19,4.8,9.108283946898302
2020-03-20,4.93,8.236738193054284
2020-03-23,5.05,6.750181102295953
2020-03-24,5.18,6.334358119875832
2020-03-25,5.31,5.896969693747212
2020-03-26,5.44,5.563249001142532
2020-03-27,5.56,4.961938485970089
2020-03-30,5.69,4.523666953429693
2020-03-31,5.82,4.509401416035962
2020-04-01,5.86,4.485046074385931
2020-04-02,5.91,4.566857898632703
2020-04-03,5.96,4.374730330223459
2020-04-06,6.01,5.043244094559011
2020-04-07,6.06,5.3332219120338635
2020-04-08,6.11,5.570623170918971
2020-04-09,6.16,5.867105260196576
2020-04-10,6.21,5.839070048344727
2020-04-13,6.26,6.678909527223109
2020-04-14,6.31,6.919010480332866
2020-04-15,6.36,7.055839180825172
2020-04-16,6.41,7.2042722641809185
2020-04-17,6.46,6.984826061484978
2020-04-20,6.51,7.042254675798065
2020-04-21,6.56,6.972138503913109
2020-04-22,6.61,6.784840197954433
2020-04-23,6.66,6.601883208994786
2020-04-24,6.71,6.050337729813522
2020-04-27,6.76,5.168557503664493
2020-04-28,6.81,4.822635616995287
2020-04-29,6.86,4.385838440115261
2020-04-30,6.91,3.9832774064105743
2020-05-01,6.96,3.2448671437631464
2020-05-04,6.42,2.015913787389377
2020-05-05,5.87,1.6273213453830868
2020-05-06,5.33,1.183577583815378
2020-05-07,4.79,0.8083663378532355
2020-05-08,4.25,0.12963975617619639
2020-05-11,4.3,-0.7521868186551144
2020-05-12,4.34,-0.9791770433731033
2020-05-13,4.38,-1.2438732774527708
2020-05-14,4.43,-1.4259746769904602
2020-05-15,4.47,-1.9008571557940241
2020-05-18,4.52,-2.1378345201995046
2020-05-19,4.56,-2.1480382940392584
2020-05-20,4.6,-2.1989862451558357
2020-05-21,4.65,-2.172297434255114
2020-05-22,4.69,-2.444953901083003
2020-05-25,4.74,-2.126170529968342
2020-05-26,4.78,-1.9705621682116545
2020-05-27,4.82,-1.8660623087584352
2020-05-28,4.87,-1.6943915036552166
2020-05-29,4.91,-1.832494085221958
2020-06-01,4.96,-1.17089877169078
2020-06-02,5.18,-0.9205070672845901
2020-06-03,5.4,-0.7305510411264082
2020-06-04,5.62,-0.4825313262425155
2020-06-05,5.85,-0.553208540066934
2020-06-08,6.07,0.2583898607421977
2020-06-09,6.29,0.5416370458731583
2020-06-10,6.51,0.7559894413063954
2020-06-11,6.74,1.0200377791526494
2020-06-12,6.96,0.957158621673659
2020-06-15,7.18,1.7453013822069403
2020-06-16,7.4,2.006489777862427
2020-06-17,7.62,2.19267557207072
2020-06-18,7.85,2.4232739948927566
2020-06-19,8.07,2.3226356597355577
2020-06-22,8.29,2.9834782247944696
2020-06-23,8.51,3.202088242256154
2020-06-24,8.74,3.348094084300102
2020-06-25,8.96,3.542449539632242
2020-06-26,9.18,3.411027204646431
2020-06-29,9.4,4.0263321400116325
2020-06-30,9.62,4.249357293692529
2020-07-01,9.85,4.411071382801401
2020-07-02,9.85,4.632944921861393
2020-07-03,9.85,4.541068202105808
2020-07-06,9.69,5.344433035434194
2020-07-07,9.53,5.650667415690395
2020-07-08,9.37,5.903702229896861
2020-07-09,9.2,6.223248270263662
2020-07-10,9.04,6.233364155254872
2020-07-13,8.88,7.345166447981701
2020-07-14,8.72,7.7465472383967535
2020-07-15,8.56,8.086538450351917
2020-07-16,8.39,8.607984494647765
2020-07-17,8.23,8.8068768240119
2020-07-20,8.07,10.385965292292157
2020-07-21,7.91,10.904971050598586
2020-07-22,7.75,11.341966199335758
2020-07-23,7.58,11.813882812669922
2020-07-24,7.42,11.9426492126182
2020-07-27,7.26,13.198102600661313
2020-07-28,7.1,13.577422324510065
2020-07-29,6.94,13.862963150769932
2020-07-30,6.77,14.174749183683328
2020-07-31,6.61,14.138129180997712
2020-08-03,6.71,14.903521000861364
2020-08-04,6.81,15.1346463415742
2020-08-05,6.91,15.286128359582214
2020-08-06,7.01,15.481736606628312
2020-08-07,7.1,15.350319872759544
2020-08-10,7.2,15.989280366059399
2020-08-11,7.3,16.238549241292638
2020-08-12,7.4,16.440810704526598
2020-08-13,7.5,16.720447449151752
2020-08-14,7.6,16.70629780193252
2020-08-17,7.7,17.88695141735655
2020-08-18,7.8,18.373850024379998
2020-08-19,7.89,18.83773546280997
2020-08-20,7.99,19.399507212507213
2020-08-21,8.09,19.684093863838566
2020-08-24,8.19,21.816530734527774
2020-08-25,8.29,22.623423945035857
2020-08-26,8.39,23.400496123889603
2020-08-27,8.49,24.263742041856517
2020-08-28,8.59,24.83329380367296
2020-08-31,8.68,27.67670657081574
2020-09-01,8.78,28.659132031168006
2020-09-02,9.09,29.575181243711647
2020-09-03,9.4,30.537992183328544
2020-09-04,9.71,31.165308420725783
2020-09-07,10.02,33.914695274975514
2020-09-08,10.33,34.773665058182196
2020-09-09,10.64,35.5199348997801
2020-09-10,10.95,36.26720029200073
2020-09-11,11.26,36.63421513376666
2020-09-14,11.57,38.35055033785393
2020-09-15,11.88,38.788488509461274
2020-09-16,12.19,39.07992315704651
2020-09-17,12.5,39.34172294846821
2020-09-18,12.81,39.19607576228212
2020-09-21,13.12,39.24892618421117
2020-09-22,13.43,39.10402658137024
2020-09-23,13.74,38.80557310300453
2020-09-24,14.05,38.474879687427354
2020-09-25,14.36,37.73865845879003
2020-09-28,14.67,36.07714501433628
2020-09-29,14.98,35.39517847691573
2020-09-30,15.29,34.58436135124188
2020-10-01,15.6,33.770359394148045
2020-10-02,15.91,32.58407564104259
2020-10-05,15.6,29.810372759513832
2020-10-06,15.3,28.848376240908326
2020-10-07,14.99,27.8076478114791
2020-10-08,14.69,26.81605872644966
2020-10-09,14.39,25.506211781551347
2020-10-12,14.08,22.694468840882436
2020-10-13,13.78,21.8304318219314
2020-10-14,13.48,20.941232395276618
2020-10-15,13.17,20.152687157863667
2020-10-16,12.87,19.09467636412375
2020-10-19,12.57,17.294403203285896
2020-10-20,12.26,16.83766063161948
2020-10-21,11.96,16.3819695956772
2020-10-22,11.66,16.047227469164042
2020-10-23,11.36,15.457113524587037
2020-10-26,11.81,15.081013115458436
2020-10-27,12.25,15.08454894865336
2020-10-28,12.7,15.071724351904109
2020-10-29,13.15,15.156834754726859
2020-10-30,13.6,14.958454352999029
2020-11-02,14.04,15.54731886352874
2020-11-03,14.49,15.792350991781042
2020-11-04,14.94,15.978007826610293
2020-11-05,15.39,16.218173033100225
2020-11-06,15.83,16.13193117178156
2020-11-09,16.28,16.818273350212728
2020-11-10,16.73,17.02650664482787
2020-11-11,17.18,17.147729483578456
2020-11-12,17.62,17.451126002356073
2020-11-13,18.07,17.41112636241566
2020-11-16,18.52,18.19335049251958
2020-11-17,18.97,18.439170207224716
2020-11-18,19.41,18.610332452046954
2020-11-19,19.86,18.830997055835965
2020-11-20,20.31,18.730401778839475
2020-11-23,20.76,19.498980587672577
2020-11-24,21.2,19.80383043324392
2020-11-25,21.65,20.06723013882695
2020-11-26,22.1,20.412710563184845
2020-11-27,22.55,20.467892318689945
2020-11-30,23.0,21.85942553289581
2020-12-01,23.45,22.409602586768102
2020-12-02,23.89,22.92834804234736
2020-12-03,24.34,23.53313512374031
2020-12-04,24.79,23.8452213698444
2020-12-07,25.24,25.928246638882136
2020-12-08,25.69,26.661680602620862
2020-12-09,26.13,27.33060014994241
2020-12-10,26.58,28.047692770107908
2020-12-11,27.03,28.430213333052492
2020-12-14,26.6,30.447209224433834
2020-12-15,26.18,31.062637710024447
2020-12-16,25.76,31.566488122479058
2020-12-17,25.33,32.073639278973914
2020-12-18,24.91,32.20457634915903
2020-12-21,24.49,33.26321172831393
2020-12-22,24.06,33.51060958670704
2020-12-23,23.64,33.63325003024558
2020-12-24,23.22,33.753225772328726
2020-12-25,23.22,33.49836260749284
2020-12-28,22.79,33.47945274411837
2020-12-29,22.37,33.41635555031907
2020-12-30,21.95,33.2624230826621
2020-12-31,21.52,33.1443305325144
2021-01-01,21.52,32.69355184706805
2021-01-04,20.76,32.36075899103458
2021-01-05,20.0,32.28587431912343
2021-01-06,19.24,32.16464249150019
2021-01-07,18.48,32.12103818011225
2021-01-08,17.72,31.782913487938686
2021-01-11,16.96,31.969464538410165
2021-01-12,16.2,32.109471825372836
2021-01-13,15.44,32.213830921289656
2021-01-14,14.68,32.40025239852458
2021-01-15,13.92,32.29046772379974
2021-01-18,14.64,33.096351185661916
2021-01-19,15.36,33.405307796792385
2021-01-20,16.08,33.65397491222939
2021-01-21,16.8,33.95787464762728
2021-01-22,17.52,33.93753752714822
2021-01-25,18.24,34.84673205948103
2021-01-26,18.96,35.14106540144583
2021-01-27,19.68,35.35579464936596
2021-01-28,20.4,35.61071647846105
2021-01-29,21.12,35.5312237634093
2021-02-01,21.84,36.256072752252194
2021-02-02,22.56,36.50539407414934
2021-02-03,23.28,36.69241038078365
2021-02-04,24.0,36.9418295916405
2021-02-05,24.72,36.8833670791873
2021-02-08,25.44,37.86195464131547
2021-02-09,26.16,38.26517963746898
2021-02-10,26.88,38.641020311481846
2021-02-11,27.6,39.11267712110626
2021-02-12,28.32,39.307248998437665
2021-02-15,29.04,41.187983324656074
2021-02-16,29.76,41.92112684649099
2021-02-17,30.48,42.63040054243495
2021-02-18,31.2,43.431567602079504
2021-02-19,31.92,43.94401458421743
2021-02-22,32.64,46.63139834955682
2021-02-23,33.36,47.56008270991582
2021-02-24,34.08,48.417409914169006
2021-02-25,34.8,49.31384319908629
2021-02-26,35.52,49.86448079378733
2021-03-01,36.24,52.29874215929775
2021-03-02,38.02,53.01851496492378
2021-03-03,39.8,53.60703150742648
2021-03-04,41.58,54.17818073427485
2021-03-05,43.36,54.35175516421469
2021-03-08,45.14,55.40803001140864
2021-03-09,46.92,55.61219223359004
2021-03-10,48.7,55.67171042000347
2021-03-11,50.48,55.709981153413175
2021-03-12,52.26,55.35645222430684
2021-03-15,54.04,54.960348787820514
2021-03-16,55.82,54.752574430677605
2021-03-17,57.6,54.44906979435202
2021-03-18,59.38,54.17948897275146
2021-03-19,61.16,53.57838090357554
2021-03-22,62.94,52.83277781503648
2021-03-23,64.72,52.64324458748492
2021-03-24,66.5,52.42369333267215
2021-03-25,68.28,52.300747737467674
2021-03-26,70.06,51.9046657539494
2021-03-29,71.84,52.065086097391045
2021-03-30,73.62,52.2502676790982
2021-03-31,75.4,52.42800619896232
2021-04-01,77.18,52.71606697608118
2021-04-02,78.96,52.73573053079189
2021-04-05,77.52,54.08436907857635
2021-04-06,76.08,54.61886955483627
2021-04-07,74.64,55.1106313383001
2021-04-08,73.2,55.67154345664289
2021-04-09,71.76,55.91802050446924
2021-04-12,70.32,57.638890553784286
2021-04-13,68.88,58.18988478164908
2021-04-14,67.44,58.64483180750355
2021-04-15,66.0,59.11758082552538
2021-04-16,64.56,59.2275253151447
2021-04-19,63.12,60.29150260163668
2021-04-20,61.68,60.55892012826458
2021-04-21,60.24,60.70816320499341
2021-04-22,58.8,60.85963906075182
2021-04-23,57.36,60.63938877080425
2021-04-26,55.92,60.72404239946282
2021-04-27,54.48,60.68888204438088
2021-04-28,53.04,60.556386885360304
2021-04-29,51.6,60.45142247795217
2021-04-30,50.16,60.00379821997973
2021-05-03,48.72,59.60724653787486
2021-05-04,47.28,59.483683682634016
2021-05-05,45.84,59.29943359385006
2021-05-06,44.4,59.17870289680009
2021-05-07,42.96,58.75001873870026
2021-05-10,41.52,58.597873480035304
2021-05-11,40.08,58.60938932256699
2021-05-12,38.64,58.58185226630082
2021-05-13,37.2,58.636125447697786
2021-05-14,35.76,58.39735094264047
2021-05-17,36.55,58.87148031414957
2021-05-18,37.33,59.10041032207539
2021-05-19,38.11,59.2900827661466
2021-05-20,38.9,59.5590560049971
2021-05-21,39.68,59.53047403763611
2021-05-24,40.46,60.5928317874722
2021-05-25,41.25,61.00011537808841
2021-05-26,42.03,61.35815537254468
2021-05-27,42.81,61.78518326337661
2021-05-28,43.6,61.90420101928106
2021-05-31,44.38,63.3472164494846
2021-06-01,45.16,63.86129082608223
2021-06-02,47.86,64.31648374397197
2021-06-03,50.57,64.83127772492229
2021-06-04,53.27,65.02890246372415
2021-06-07,55.97,66.65452260783071
2021-06-08,58.68,67.21212109038721
2021-06-09,61.38,67.70229532299656
2021-06-10,64.09,68.24359317446347
2021-06-11,66.79,68.45932779361286
2021-06-14,69.49,70.09048695695584
2021-06-15,72.2,70.63459593085248
2021-06-16,74.9,71.10434968333027
2021-06-17,77.6,71.61893644688699
2021-06-18,80.31,71.8024564703554
2021-06-21,83.01,73.31404182925101
2021-06-22,85.72,73.81469892261711
2021-06-23,88.42,74.24151317549942
2021-06-24,91.12,74.7151763984032
2021-06-25,93.83,74.86132516002073
2021-06-28,96.53,76.29712401665587
2021-06-29,99.24,76.78921238193335
2021-06-30,101.94,77.217731468128
2021-07-01,104.64,77.70422015541848
2021-07-02,107.35,77.87490199410371
2021-07-05,110.05,79.455891285542
2021-07-06,112.76,80.01904137831602
2021-07-07,115.46,80.50830073306926
2021-07-08,118.16,81.06403458194559
2021-07-09,120.87,81.31078022343826
2021-07-12,123.57,83.14004129185659
2021-07-13,126.28,83.78469119149318
2021-07-14,128.98,84.37073697555148
2021-07-15,131.68,85.01571708897467
2021-07-16,134.39,85.34160266651648
2021-07-19,137.09,87.32434224422461
2021-07-20,139.8,87.98566091408973
2021-07-21,142.5,88.56871913029116
2021-07-22,145.2,89.19022595790378
2021-07-23,147.91,89.47179219654114
2021-07-26,150.61,91.20041879111474
2021-07-27,153.32,91.74051373378026
2021-07-28,156.02,92.18726679658171
2021-07-29,158.72,92.65998571376466
2021-07-30,161.43,92.78328148649454
2021-08-02,147.98,94.0149587829752
2021-08-03,134.54,94.3946929151391
2021-08-04,121.09,94.69032363269842
2021-08-05,107.65,95.02509096844783
2021-08-06,94.2,95.02739956652772
2021-08-09,80.76,96.03198530208788
2021-08-10,67.31,96.3908450484433
2021-08-11,53.87,96.69662737188933
2021-08-12,40.42,97.07393369992897
2021-08-13,26.98,97.15193491339558
2021-08-16,34.47,98.58083413764004
2021-08-17,41.96,99.14317930925283
2021-08-18,49.45,99.68010440298221
2021-08-19,56.94,100.31334464581039
2021-08-20,64.43,100.66870409038174
2021-08-23,71.92,103.01832267715079
2021-08-24,79.41,103.90223410454104
2021-08-25,86.9,104.76008395472748
2021-08-26,94.39,105.70867529523832
2021-08-27,101.88,106.36889222022441
2021-08-30,109.37,109.52269892481465
2021-08-31,116.86,110.62315127937944
2021-09-01,124.35,111.66517344167731
2021-09-02,131.84,112.76216619512282
2021-09-03,139.33,113.53204375285169
2021-09-06,146.82,116.75974044408487
2021-09-07,154.31,117.79470418844815
2021-09-08,161.8,118.72488369823654
2021-09-09,169.29,119.66364389140155
2021-09-10,176.78,120.22934004035264
2021-09-13,184.27,122.57994383701937
2021-09-14,191.76,123.24014954029572
2021-09-15,199.25,123.75821089402346
2021-09-16,206.74,124.25030010784134
2021-09-17,214.23,124.33787603293678
2021-09-20,221.72,125.1003111560018
2021-09-21,229.21,125.19258085021124
2021-09-22,236.7,125.13024984868183
2021-09-23,244.19,125.03380044356594
2021-09-24,251.68,124.52911291506342
2021-09-27,259.17,123.53774374786302
2021-09-28,266.66,123.0683634242373
2021-09-29,274.15,122.46348438649632
2021-09-30,281.64,121.84808220492158
2021-10-01,100.0,120.8524224176374
2021-10-04,120.0,118.59735103099753
2021-10-05,148.0,117.78908591899457
2021-10-06,160.0,116.89204654090749
2021-10-07,152.22,116.03397790609259
2021-10-08,144.44,114.8474700410681
2021-10-11,136.67,112.34633014487913
2021-10-12,128.89,111.56719796010437
2021-10-13,121.11,110.75448357738263
2021-10-14,113.33,110.03471790351036
2021-10-15,90.0,109.03860452198805
2021-10-18,88.24,107.39237625126938
2021-10-19,86.47,106.98002293292156
2021-10-20,84.71,106.56716646769821
2021-10-21,82.94,106.27489754158154
2021-10-22,81.18,105.72808557521812
2021-10-25,79.41,105.4982628856248
2021-10-26,77.65,105.55949650991904
2021-10-27,75.88,105.61034829218907
2021-10-28,74.12,105.7658410201523
2021-10-29,72.35,105.64513488699126
2021-11-01,80.0,106.51426989981402
2021-11-02,80.84,106.86880153490095
2021-11-03,81.68,107.08194219314882
2021-11-04,82.53,107.35695528551551
2021-11-05,83.37,107.31235940535757
2021-11-08,84.21,108.15671762433968
2021-11-09,85.05,108.42552442489361
2021-11-10,85.89,108.60950986370041
2021-11-11,86.74,108.82653894618275
2021-11-12,87.58,108.70010689013111
2021-11-15,88.42,109.21182831685228
2021-11-16,89.26,109.3604920707604
2021-11-17,90.11,109.42964126805396
2021-11-18,90.95,109.54282236988034
2021-11-19,91.79,109.32882099584036
2021-11-22,92.63,109.71978280084024
2021-11-23,93.47,109.88659798097446
2021-11-24,94.32,110.0064940416696
2021-11-25,95.16,110.2036307860762
2021-11-26,96.0,110.10641400901068
2021-11-29,96.84,111.0262012854881
2021-11-30,97.68,111.41801087898989
2021-12-01,100.0,111.77983336390294
2021-12-02,104.44,112.23036378584811
2021-12-03,108.89,112.39205073071598
2021-12-06,113.33,114.05783112239604
2021-12-07,117.78,114.66653953565671
2021-12-08,122.22,115.21906221758948
2021-12-09,126.67,115.82851396674515
2021-12-10,131.11,116.11238147971302
2021-12-13,135.56,117.88659880776035
2021-12-14,140.0,118.43756164909422
2021-12-15,144.44,118.88406086198215
2021-12-16,148.89,119.34004570643602
2021-12-17,153.33,119.42492658218553
2021-12-20,157.78,120.36368154940197
2021-12-21,180.0,120.57275925012408
2021-12-22,170.0,120.65561838044293
2021-12-23,160.0,120.73302059586597
2021-12-24,150.0,120.43153117229141
2021-12-27,146.67,120.23749799616029
2021-12-28,143.33,120.1013726354263
2021-12-29,140.0,119.86607194153906
2021-12-30,146.67,119.65795675119668
2021-12-31,150.0,119.10839278381755
2022-01-03,138.0,118.42864657446445
2022-01-04,126.0,118.22286456405571
2022-01-05,114.0,117.96434880635732
2022-01-06,102.0,117.77802735486895
2022-01-07,90.0,117.2928099673714
2022-01-10,85.0,117.0233275923302
2022-01-11,80.0,117.01031840265898
2022-01-12,80.8,116.96304084701765
2022-01-13,81.6,117.00022463250485
2022-01-14,82.4,116.7445066777124
2022-01-17,83.2,117.13927920889812
2022-01-18,84.0,117.32152976691292
2022-01-19,84.8,117.44890900789734
2022-01-20,85.6,117.63680389256874
2022-01-21,86.4,117.50542347176055
2022-01-24,87.2,118.10550750374395
2022-01-25,88.0,118.3021804640565
2022-01-26,87.6,118.42035116981197
2022-01-27,87.2,118.57876212730008
2022-01-28,86.8,118.4017284750759
2022-01-31,86.4,118.8173462624606
2022-02-01,86.0,118.95492442017115
2022-02-02,85.6,119.02457950142306
2022-02-03,85.2,119.15047277369095
2022-02-04,84.8,118.9619530545779
2022-02-07,84.4,119.51050867259065
2022-02-08,84.0,119.75792262285918
2022-02-09,83.6,119.97264699902533
2022-02-10,83.2,120.27873201667245
2022-02-11,82.8,120.30429901908485
2022-02-14,82.4,121.66972303016694
2022-02-15,82.0,122.23291717516369
2022-02-16,81.6,122.77556919885515
2022-02-17,81.2,123.41489100026229
2022-02-18,80.8,123.77166446935735
2022-02-21,80.4,126.04145443210075
2022-02-22,80.0,126.85079850131042
2022-02-23,88.0,127.59993050170475
2022-02-24,128.0,128.3997109021262
2022-02-25,137.0,128.8653913196392
2022-02-28,164.0,131.11270296685126
2022-03-01,173.0,131.79080131837577
2022-03-02,182.0,132.34637707092125
2022-03-03,191.0,132.89205152337036
2022-03-04,200.0,133.04617438989405
2022-03-07,227.0,134.06385456931446
2022-03-08,211.71,134.25588286362685
2022-03-09,196.43,134.30064313215743
2022-03-10,181.14,134.31978525280596
2022-03-11,165.86,133.9410965789925
2022-03-14,150.57,133.4187720000627
2022-03-15,140.37,133.14806168263897
2022-03-16,130.18,132.76975762602703
2022-03-17,119.98,132.41301944723926
2022-03-18,109.79,131.71216093179393
2022-03-21,106.61,130.59331736559164
2022-03-22,103.42,130.25649217382457
2022-03-23,100.24,129.87968334997075
2022-03-24,97.05,129.59070338828056
2022-03-25,93.87,129.0211642982452
2022-03-28,90.68,128.632009971879
2022-03-29,87.5,128.62972558089646
2022-03-30,84.31,128.62063656104354
2022-03-31,81.13,128.72412408535953
2022-04-01,83.86,128.56300259844187
2022-04-04,86.6,129.4054799000762
2022-04-05,89.33,129.78700611781287
2022-04-06,92.07,130.13503316007507
2022-04-07,94.8,130.5619560652892
2022-04-08,97.54,130.68447614145202
2022-04-11,100.27,132.09327447157887
2022-04-12,103.01,132.55901413806868
2022-04-13,105.74,132.93704143317402
2022-04-14,108.48,133.34033456855173
2022-04-15,111.21,133.38728765572853
2022-04-18,113.95,134.28971717124023
2022-04-19,116.68,134.50838097218968
2022-04-20,119.42,134.60936324396528
2022-04-21,122.15,134.7118762215648
2022-04-22,124.89,134.44082618453402
2022-04-25,127.62,134.3520531455432
2022-04-26,130.36,134.24930411408417
2022-04-27,133.09,134.04327018417007
2022-04-28,135.83,133.8583913663901
2022-04-29,138.56,133.32419541532985
2022-05-02,131.34,132.62725863884995
2022-05-03,124.13,132.3904138800497
2022-05-04,116.91,132.08679137915888
2022-05-05,109.69,131.84103178796192
2022-05-06,102.48,131.28216936039306
2022-05-09,95.26,130.71440958572427
2022-05-10,88.04,130.58109841618838
2022-05-11,80.83,130.40663641377927
2022-05-12,73.61,130.31249129105603
2022-05-13,66.39,129.92437714329705
2022-05-16,68.4,129.95000328094136
2022-05-17,70.41,130.03068349564552
2022-05-18,72.42,130.07329229722518
2022-05-19,74.43,130.19663558887896
2022-05-20,76.44,130.02404835979976
2022-05-23,78.45,130.66529187554488
2022-05-24,80.46,130.93601080844047
2022-05-25,82.47,131.15939360942045
2022-05-26,84.48,131.453639608442
2022-05-27,86.49,131.44170517490224
2022-05-30,88.5,132.50231020039053
2022-05-31,90.51,132.8922273583024
2022-06-01,100.0,133.22485080622778
2022-06-02,100.67,133.61863508325322
2022-06-03,101.33,133.69679095046348
2022-06-06,102.0,134.97315989438115
2022-06-07,102.67,135.41737590414735
2022-06-08,103.33,135.79566918103092
2022-06-09,104.0,136.22656459311324
2022-06-10,104.67,136.3333369396542
2022-06-13,105.33,137.64555187139868
2022-06-14,106.0,138.08563373420887
2022-06-15,106.67,138.45225387034478
2022-06-16,107.33,138.86440709087765
2022-06-17,108.0,138.94597304131517
2022-06-20,108.67,140.152028756539
2022-06-21,109.33,140.55002720503904
2022-06-22,110.0,140.8732950950484
2022-06-23,110.67,141.2422418376961
2022-06-24,111.33,141.28223687028083
2022-06-27,112.0,142.38868719231124
2022-06-28,112.67,142.3112067696843
2022-06-29,113.33,142.16790208270004
2022-06-30,114.0,142.08030168315634
2022-07-01,114.67,141.67468144276125
2022-07-04,115.33,141.51497928989394
2022-07-05,116.0,141.4947842469862
2022-07-06,116.67,141.41989510133442
2022-07-07,117.33,141.41088247671615
2022-07-08,118.0,141.0927287910949
2022-07-11,118.67,141.23118006653786
2022-07-12,119.33,141.3151584922533
2022-07-13,120.0,141.34278847985465
2022-07-14,120.67,141.43203786849847
2022-07-15,121.33,141.20525958480212
2022-07-18,122.0,141.5512717170702
2022-07-19,122.67,141.67467077633117
2022-07-20,123.33,141.72370253910242
2022-07-21,124.0,141.81497376381895
2022-07-22,124.67,141.56989627946692
2022-07-25,125.33,141.73674988454587
2022-07-26,126.0,141.76074531445758
2022-07-27,126.67,141.69267810064358
2022-07-28,127.33,141.65118769755694
2022-07-29,128.0,141.26017650784283
2022-08-01,200.0,140.94097749582332
2022-08-02,203.36,140.7986630483996
2022-08-03,206.73,140.5685477305766
2022-08-04,210.09,140.3732532185401
2022-08-05,213.45,139.84063519737018
2022-08-08,216.82,139.207064299313
2022-08-09,220.18,139.00785357828238
2022-08-10,223.55,138.74938650513513
2022-08-11,226.91,138.55633693786032
2022-08-12,230.27,138.0580654650669
2022-08-15,233.64,137.72623405894905
2022-08-16,237.0,137.69274761518489
2022-08-17,240.36,137.630467264886
2022-08-18,243.73,137.66189412872617
2022-08-19,247.09,137.41365579823048
2022-08-22,250.45,137.95057177262893
2022-08-23,253.82,138.23262802206764
2022-08-24,257.18,138.49130978830593
2022-08-25,260.55,138.84428291171932
2022-08-26,330.0,138.91325216048727
2022-08-29,305.0,140.3268818219963
2022-08-30,292.5,140.8605592537231
2022-08-31,280.0,141.3432953484538
2022-09-01,280.0,141.88886801624048
2022-09-02,275.56,142.11547729437302
2022-09-05,271.11,143.7637598622652
2022-09-06,266.67,144.28909186547384
2022-09-07,262.22,144.71786494850187
2022-09-08,257.78,145.16320581629364
2022-09-09,253.33,145.2431570033795
2022-09-12,248.89,146.1784361747705
2022-09-13,244.44,146.37915977434648
2022-09-14,240.0,146.4429160089748
2022-09-15,235.56,146.48522777362405
2022-09-16,231.11,146.1268663088394
2022-09-19,226.67,145.56717465760244
2022-09-20,222.22,145.22138329878211
2022-09-21,217.78,144.72097560888443
2022-09-22,213.33,144.18560994039365
2022-09-23,208.89,143.24033582859502
2022-09-26,204.44,140.90888866511904
2022-09-27,200.0,139.98399036629252
2022-09-28,193.33,138.91786815116896
2022-09-29,186.67,137.83475436454967
2022-09-30,180.0,136.36421263060396
2022-10-03,177.78,132.63526623261262
2022-10-04,175.56,131.3175676844963
2022-10-05,173.33,129.9013596133442
2022-10-06,171.11,128.51412846602156
2022-10-07,168.89,126.78831064982501
2022-10-10,166.67,122.60853139980082
2022-10-11,164.44,121.25027716587668
2022-10-12,162.22,119.84929237856193
2022-10-13,160.0,118.53267588567424
2022-10-14,157.78,116.93181707635871
2022-10-17,155.56,113.43245161617972
2022-10-18,153.33,112.39270173346581
2022-10-19,151.11,111.34942972696125
2022-10-20,148.89,110.42489422906169
2022-10-21,146.67,109.24515545633581
2022-10-24,144.44,107.12440190530683
2022-10-25,142.22,106.28290009509159
2022-10-26,140.0,105.43591067326714
2022-10-27,137.78,104.69933860461455
2022-10-28,135.56,103.69310447705091
2022-10-31,133.33,101.95033672147099
2022-11-01,129.33,101.45015430417743
2022-11-02,125.33,100.90642251633383
2022-11-03,121.33,100.43241364834759
2022-11-04,117.33,99.64627735277007
2022-11-07,113.33,98.30490448991127
2022-11-08,109.33,97.85542814284081
2022-11-09,105.33,97.32467319742456
2022-11-10,101.33,96.82942766365218
2022-11-11,97.33,95.99206896217036
2022-11-14,93.33,94.36788550831585
2022-11-15,89.33,93.79998479507002
2022-11-16,85.33,93.1486800480017
2022-11-17,81.33,92.53672677022328
2022-11-18,77.33,91.59225937971134
2022-11-21,76.0,89.75576116070539
2022-11-22,74.67,89.16760218204502
2022-11-23,73.33,88.5265102785898
2022-11-24,72.0,87.95705904886464
2022-11-25,70.67,87.08824173969334
2022-11-28,69.33,85.67132092774469
2022-11-29,68.0,85.28027263330962
2022-11-30,66.67,84.85915899421465
2022-12-01,65.33,84.52789119979656
2022-12-02,64.0,83.91014244420313
2022-12-05,62.67,83.26350718132657
2022-12-06,61.33,83.11355761873341
2022-12-07,60.0,82.91496202879856
2022-12-08,58.67,82.78148822661792
2022-12-09,57.33,82.33109725954724
2022-12-12,56.0,81.95634400278168
2022-12-13,54.67,81.80849768394604
2022-12-14,53.33,81.56422746342037
2022-12-15,52.0,81.3367644000693
2022-12-16,50.67,80.7446291701994
2022-12-19,49.33,79.67991470044576
2022-12-20,48.0,79.22617254563103
2022-12-21,46.67,78.64646454505348
2022-12-22,45.33,78.06017851624206
2022-12-23,44.0,77.09253601915927
2022-12-26,43.47,74.87293996550122
2022-12-27,42.93,74.04906602857481
2022-12-28,42.4,73.11835031128767
2022-12-29,41.87,72.2065902825983
2022-12-30,41.33,70.94478645852237
2022-12-31,40.8,57.60774857211193
2023-01-02,40.27,68.07618113811886
2023-01-03,39.73,67.1242237499515
2023-01-04,39.2,66.11214233007387
2023-01-05,38.67,65.16564985003605
2023-01-06,38.13,63.91457898211691
2023-01-09,37.6,61.32416285596843
2023-01-10,37.07,60.53357440827791
2023-01-11,36.53,59.70870630508766
2023-01-12,36.0,58.96941002225487
2023-01-13,35.47,57.939365796313496
2023-01-16,34.93,56.032761658570166
2023-01-17,34.4,55.45723631296227
2023-01-18,33.87,54.83215719151055
2023-01-19,33.33,54.27301582565909
2023-01-20,32.8,53.39993373501791
2023-01-23,32.27,51.80328391097915
2023-01-24,31.73,51.275126156191654
2023-01-25,31.2,50.670803125460196
2023-01-26,30.67,50.1080781969426
2023-01-27,30.13,49.21022337590302
2023-01-30,29.6,47.45455754984722
2023-01-31,29.07,46.8620063908186
2023-02-01,28.53,46.19681912197856
2023-02-02,28.0,45.58241448802464
2023-02-03,29.33,44.64755264905889
2023-02-06,30.67,42.91765748364419
2023-02-07,32.0,42.392396268143
2023-02-08,33.33,41.82834760633006
2023-02-09,34.67,41.35017108728598
2023-02-10,36.0,40.58679164440892
2023-02-13,37.33,39.56783227468749
2023-02-14,38.67,39.33457633362929
2023-02-15,40.0,39.08227704277812
2023-02-16,41.33,38.92960909940595
2023-02-17,42.67,38.49881060838769
2023-02-20,44.0,40.176200360084266
2023-02-21,43.87,40.80548989081265
2023-02-22,43.73,41.38489489559166
2023-02-23,43.6,42.02595749925977
2023-02-24,43.47,42.34438554140841
2023-02-27,43.33,44.21962980859567
2023-02-28,43.2,44.79597380453528
2023-03-01,43.07,45.259826931850185
2023-03-02,42.93,45.722798733890116
2023-03-03,42.8,45.802019420422596
2023-03-06,42.67,46.62705078835435
2023-03-07,42.53,46.76001068823315
2023-03-08,42.4,46.7453238539044
2023-03-09,42.27,46.70284052665346
2023-03-10,42.13,46.25858579634133
2023-03-13,42.0,45.4996697897422
2023-03-14,41.87,45.13208850538872
2023-03-15,41.73,44.64601772008122
2023-03-16,41.6,44.169812505375994
2023-03-17,41.47,43.337228594651776
2023-03-20,41.33,41.74796472328646
2023-03-21,41.2,41.22998908166881
2023-03-22,41.07,40.66085351258488
2023-03-23,40.93,40.16931323746731
2023-03-24,40.8,39.388123167466915
2023-03-27,40.67,38.32330232670325
2023-03-28,40.53,38.08740540828313
2023-03-29,40.4,37.84325983534995
2023-03-30,40.27,37.71191646014083
2023-03-31,40.13,37.317820772130624
2023-04-03,40.0,37.487530723557704
2023-04-04,39.73,37.65787986115214
2023-04-05,39.47,37.80303727666781
2023-04-06,39.2,38.03616983286271
2023-04-07,38.93,37.97453901900393
2023-04-10,38.67,38.89104247625177
2023-04-11,38.4,39.21242872441461
2023-04-12,38.13,39.45530922802674
2023-04-13,37.87,39.731985212546405
2023-04-14,37.6,39.660015760036494
2023-04-17,37.33,40.24163153139388
2023-04-18,37.07,40.361503024879994
2023-04-19,36.8,40.36572705076347
2023-04-20,36.53,40.37228005341752
2023-04-21,36.27,40.00486198521476
2023-04-24,36.0,39.61342055489396
2023-04-25,35.73,39.40201540948688
2023-04-26,35.47,39.082107239845556
2023-04-27,35.2,38.7775328855698
2023-04-28,34.93,38.117358643706375
2023-05-01,34.67,37.002323232983294
2023-05-02,34.4,36.61259316507674
2023-05-03,34.13,36.14957930088199
2023-05-04,33.87,35.738242643406714
2023-05-05,33.6,35.008030670245795
2023-05-08,33.33,33.896777453123505
2023-05-09,33.07,33.57445276551581
2023-05-10,32.8,33.20809563271054
2023-05-11,32.53,32.91980253288075
2023-05-12,32.27,32.33589853718878
2023-05-15,32.0,31.769907286466687
2023-05-16,31.73,31.65360332824906
2023-05-17,31.47,31.500021559551445
2023-05-18,31.2,31.428289383557065
2023-05-19,30.93,31.062003921881345
2023-05-22,30.67,31.132200687864017
2023-05-23,30.4,31.216267107182716
2023-05-24,30.13,31.254915771698727
2023-05-25,29.87,31.36634025105694
2023-05-26,29.6,31.173469158013617
2023-05-29,29.33,31.70210709284072
2023-05-30,29.07,31.918139104864082
2023-05-31,28.8,32.07851311946415
2023-06-01,28.53,32.301644176529535
2023-06-02,27.76,32.21071270733132
2023-06-05,27.0,32.98904226229016
2023-06-06,26.23,33.270292821937545
2023-06-07,25.47,33.48713621913977
2023-06-08,24.7,33.758087146688354
2023-06-09,23.93,33.70640054095959
2023-06-12,23.17,34.551714180578436
2023-06-13,22.4,34.838734144426574
2023-06-14,21.64,35.05338712497406
2023-06-15,20.87,35.31451057772472
2023-06-16,20.1,35.24579782183588
2023-06-19,19.94,36.003261679985386
2023-06-20,19.78,36.2516144953976
2023-06-21,19.62,36.42471075581993
2023-06-22,19.46,36.64267014542304
2023-06-23,19.3,36.530577208757066
2023-06-26,19.14,37.17155933847595
2023-06-27,18.98,37.390724708339015
2023-06-28,18.82,37.54190614135966
2023-06-29,18.66,37.74654885369607
2023-06-30,18.5,37.63090323604537
2023-07-03,18.34,38.32820035297161
2023-07-04,18.18,38.589914854788105
2023-07-05,18.02,38.795489686698225
2023-07-06,17.86,39.065841844048066
2023-07-07,17.7,39.02634933033783
2023-07-10,17.54,40.00106999575279
2023-07-11,17.38,40.36551167058554
2023-07-12,17.22,40.675276279541514
2023-07-13,17.06,41.04880265465564
2023-07-14,16.9,41.10888305888067
2023-07-17,16.74,42.334615845442485
2023-07-18,16.58,42.75852901850223
2023-07-19,16.42,43.1119617080966
2023-07-20,16.26,43.511537552041496
2023-07-21,16.1,43.5785901788734
2023-07-24,15.94,44.70256273013594
2023-07-25,15.78,45.0513020340745
2023-07-26,15.62,45.310015683782
2023-07-27,15.46,45.596744500573074
2023-07-28,15.3,45.534734899794756
2023-07-31,15.14,46.200105997675685
2023-08-01,15.54,46.382711426343356
2023-08-02,15.93,46.474667038894964
2023-08-03,16.33,46.5979097738915
2023-08-04,16.72,46.37966181112378
2023-08-07,17.12,46.65893025175108
2023-08-08,17.51,46.75259457552271
2023-08-09,17.91,46.78089784473325
2023-08-10,18.3,46.868439967334645
2023-08-11,18.7,46.64462453959026
2023-08-14,19.09,47.101526671377364
2023-08-15,19.49,47.320692049095015
2023-08-16,19.88,47.506833707394186
2023-08-17,20.28,47.78312787965672
2023-08-18,20.67,47.77695150392513
2023-08-21,21.07,49.0315459337352
2023-08-22,21.46,49.55294341686533
2023-08-23,21.86,50.05253532039166
2023-08-24,22.25,50.64888487160064
2023-08-25,22.65,50.96456819043179
2023-08-28,23.05,53.1464243382572
2023-08-29,23.44,53.9479298467772
2023-08-30,23.84,54.7053867736356
2023-08-31,24.23,55.53306082096378
2023-09-01,24.63,56.04955167317469
2023-09-04,25.02,58.616787745623476
2023-09-05,25.42,59.465291200411684
2023-09-06,25.81,60.22564673428184
2023-09-07,26.21,61.010842702504725
2023-09-08,26.6,61.438702826328424
2023-09-11,27.0,63.46273791262269
2023-09-12,27.39,64.03995975512444
2023-09-13,27.79,64.4861416700617
2023-09-14,28.18,64.91621188635887
2023-09-15,28.58,64.95030264604124
2023-09-18,28.97,65.5891758941528
2023-09-19,29.37,65.64750109167976
2023-09-20,29.76,65.55220732379671
2023-09-21,30.16,65.42214428875337
2023-09-22,30.55,64.88154005340101
2023-09-25,30.95,63.752001760142875
2023-09-26,31.34,63.22094630673636
2023-09-27,31.74,62.54391581629564
2023-09-28,32.13,61.84435979461151
2023-09-29,32.53,60.751089675778964
2023-10-02,32.92,58.109360129918
2023-10-03,32.32,57.13718533034532
2023-10-04,31.71,56.057224234009865
2023-10-05,31.11,54.99658492148632
2023-10-06,30.5,53.58742022054659
2023-10-09,29.9,50.29671993490123
2023-10-10,29.29,49.21468991627346
2023-10-11,28.69,48.080243193514534
2023-10-12,28.08,47.02089340180002
2023-10-13,27.48,45.66856763354607
2023-10-16,26.87,42.869524597466516
2023-10-17,26.27,42.05102659987031
2023-10-18,25.66,41.22458925351184
2023-10-19,25.06,40.513583338777565
2023-10-20,24.45,39.54522820497099
2023-10-23,24.85,38.057635492703625
2023-10-24,25.24,37.709565290236476
2023-10-25,25.64,37.359655533514115
2023-10-26,26.03,37.12481987287355
2023-10-27,26.43,36.62588875837312
2023-10-30,26.82,36.445669959311594
2023-10-31,27.22,36.481573991869624
2023-11-01,27.61,36.48199186399124
2023-11-02,28.01,36.56020864162505
2023-11-03,28.4,36.33421482615552
2023-11-06,28.8,36.71669678596017
2023-11-07,29.19,36.854197349594735
2023-11-08,29.59,36.91521146335053
2023-11-09,29.98,37.01553753848381
2023-11-10,30.38,36.77649033143705
2023-11-13,30.77,36.95250531558467
2023-11-14,31.17,36.982709759487335
2023-11-15,31.56,36.92677379356362
2023-11-16,31.96,36.90651700957237
2023-11-17,32.35,36.54925107993623
2023-11-20,32.75,36.4412891713036
2023-11-21,33.14,36.4170755433941
2023-11-22,33.54,36.33365521994331
2023-11-23,33.93,36.31578659206788
2023-11-24,34.33,35.99283171999031
2023-11-27,34.72,36.18543194203034
2023-11-28,35.12,36.32436988938211
2023-11-29,35.51,36.43170289108957
2023-11-30,35.91,36.62850442836083
2023-12-01,36.3,36.539656861643195
2023-12-04,36.7,37.496863927423064
2023-12-05,37.09,37.891090988854295
2023-12-06,37.49,38.24317266510026
2023-12-07,37.88,38.667726732627486
2023-12-08,38.28,38.783409203120385
2023-12-11,38.67,40.15939615062539
2023-12-12,39.07,40.613066938462374
2023-12-13,39.46,40.97898600327046
2023-12-14,39.86,41.3699027099743
2023-12-15,40.25,41.40366511481702
2023-12-18,40.65,42.25250570292357
2023-12-19,41.04,42.44480266164604
2023-12-20,41.44,42.513095490743396
2023-12-21,41.83,42.575407289138475
2023-12-22,42.23,42.255583434366905
2023-12-25,42.62,41.961529304319626
2023-12-26,43.02,41.76951480401085
2023-12-27,43.41,41.46395586058485
2023-12-28,43.81,41.16985664082421
2023-12-29,44.2,40.517606465665864
2023-12-30,44.6,27.7815994569491
2024-01-01,45.0,39.42588574782511
2024-01-02,50.0,39.048946341008374
2024-01-03,55.0,38.60374022953501
2024-01-04,60.0,38.21656089303921
2024-01-05,58.67,37.517987669785036
2024-01-08,57.33,36.55364221096142
2024-01-09,56.0,36.29823438799119
2024-01-10,54.67,36.007070296859155
2024-01-11,53.33,35.801177616610296
2024-01-12,52.0,35.30537321206593
2024-01-15,50.67,35.01663605428245
2024-01-16,49.33,34.98822349744161
2024-01-17,48.0,34.91517676128755
2024-01-18,46.67,34.913329226118464
2024-01-19,45.33,34.60295497802565
2024-01-22,44.0,34.725575880439806
2024-01-23,42.67,34.77953420245922
2024-01-24,41.33,34.76075252260349
2024-01-25,40.0,34.78613711889301
2024-01-26,40.17,34.47800167365796
2024-01-29,40.33,34.49068529986861
2024-01-30,40.5,34.48375810722072
2024-01-31,40.67,34.40058700850519
2024-02-01,40.83,34.363692264579555
2024-02-02,41.0,34.001056900950815
2024-02-05,41.17,33.95071786135569
2024-02-06,41.33,33.97204625431874
2024-02-07,41.5,33.94801710474833
2024-02-08,41.67,34.00364165498367
2024-02-09,41.83,33.768403701472856
2024-02-12,42.0,34.308366001413404
2024-02-13,42.17,34.589892639204336
2024-02-14,42.33,34.852093254176665
2024-02-15,42.5,35.21506162398618
2024-02-16,42.67,35.30249447179966
2024-02-19,42.83,36.83442373132251
2024-02-20,43.0,37.42969766520597
2024-02-21,43.17,37.984277667324335
2024-02-22,43.33,38.61063949954164
2024-02-23,43.5,38.925225964907185
2024-02-26,43.67,40.858044284837206
2024-02-27,43.83,41.47670084560995
2024-02-28,44.0,41.99384036173333
2024-02-29,44.17,42.52034825826441
2024-03-01,44.33,42.672398316292984
2024-03-04,44.5,43.759063331331056
2024-03-05,44.67,43.9885859365708
2024-03-06,44.83,44.07232403722515
2024-03-07,45.0,44.12833798443877
2024-03-08,45.17,43.78085015068425
2024-03-11,45.33,43.28447219884434
2024-03-12,45.5,42.98984075313563
2024-03-13,45.67,42.567150268477725
2024-03-14,45.83,42.14366739888587
2024-03-15,46.0,41.35228411295576
2024-03-18,46.17,39.81256547294468
2024-03-19,46.33,39.28607382125639
2024-03-20,46.5,38.69638385077544
2024-03-21,46.67,38.17291129191179
2024-03-22,46.83,37.3492999385101
2024-03-25,47.0,36.10610348257505
2024-03-26,47.17,35.79842725214987
2024-03-27,47.33,35.47897252030732
2024-03-28,47.5,35.27045675363618
2024-03-29,47.67,34.79899912610404
2024-04-01,47.83,34.75156823979253
2024-04-02,48.0,34.85942452620728
2024-04-03,47.5,34.94915274114738
2024-04-04,47.0,35.13493880816905
2024-04-05,46.5,35.03486729040497
2024-04-08,46.0,35.894533712972965
2024-04-09,45.5,36.21706026437004
2024-04-10,45.0,36.470880835924774
2024-04-11,44.5,36.767845595467975
2024-04-12,44.0,36.72487947639274
2024-04-15,43.5,37.4371380994583
2024-04-16,43.0,37.61161564495403
2024-04-17,42.5,37.67402522564307
2024-04-18,42.0,37.741108303295604
2024-04-19,41.5,37.43532578155903
2024-04-22,41.0,37.223527493192734
2024-04-23,40.5,37.06661496639622
2024-04-24,40.0,36.79692527060129
2024-04-25,39.5,36.53752359514187
2024-04-26,39.0,35.916838408007436
2024-04-29,38.5,34.8819141119484
2024-04-30,38.0,34.505397540406015
2024-05-01,38.5,34.04884306111801
2024-05-02,39.0,33.63739588175313
2024-05-03,39.5,32.90079830027778
2024-05-06,40.0,31.737041632253344
2024-05-07,40.5,31.387874848475512
2024-05-08,41.0,30.99100405015968
2024-05-09,41.5,30.66915727518031
2024-05-10,42.0,30.04929072495645
2024-05-13,42.5,29.366979147622445
2024-05-14,43.0,29.210922210184627
2024-05-15,43.5,29.017895514779703
2024-05-16,44.0,28.907422292409954
2024-05-17,44.5,28.50343611968054
2024-05-20,45.0,28.469254556498534
2024-05-21,45.5,28.521987829567287
2024-05-22,46.0,28.53118714609048
2024-05-23,46.5,28.615077823857625
2024-05-24,47.0,28.396589324858454
2024-05-27,47.5,28.859566869496064
2024-05-28,48.0,29.057282136793212
2024-05-29,48.5,29.201035338507893
2024-05-30,49.0,29.409192481235806
2024-05-31,49.5,29.30489235473803
2024-06-03,35.0,30.052466513732952
2024-06-04,35.0,30.32653069078124
2024-06-05,35.0,30.537709260319055
2024-06-06,35.0,30.804512496249195
2024-06-07,35.0,30.750186866704507
2024-06-10,34.67,31.596395372791413
2024-06-11,34.33,31.88648817278111
2024-06-12,34.0,32.10546479864566
2024-06-13,33.67,32.372041425116876
2024-06-14,33.33,32.309761306943685
2024-06-17,33.0,33.09046988015642
2024-06-18,32.67,33.34711276513615
2024-06-19,32.33,33.528330213336986
2024-06-20,32.0,33.7539570509584
2024-06-21,31.67,33.64878813303282
2024-06-24,31.33,34.30327676898423
2024-06-25,31.0,34.523676686500586
2024-06-26,30.67,34.6741101348386
2024-06-27,30.33,34.87587445496291
2024-06-28,30.0,34.755123036841034
2024-07-01,30.33,35.423642444055474
2024-07-02,30.67,35.67156044532988
2024-07-03,31.0,35.86153950889997
2024-07-04,31.33,36.11477225322506
2024-07-05,31.67,36.05696963205971
2024-07-08,32.0,36.973661667797025
2024-07-09,32.33,37.3192521702979
2024-07-10,32.67,37.6112238386918
2024-07-11,33.0,37.96850749519598
2024-07-12,33.33,38.01437225319864
2024-07-15,33.67,39.21388626483216
2024-07-16,34.0,39.635702809041504
2024-07-17,34.33,39.9907769594748
2024-07-18,34.67,40.39586240461168
2024-07-19,35.0,40.472332906493435
2024-07-22,35.33,41.64698465460886
2024-07-23,35.67,42.019271767818864
2024-07-24,36.0,42.304219988848125
2024-07-25,36.33,42.61935963592317
2024-07-26,36.67,42.58735474939255
2024-07-29,37.0,43.34565224674561
2024-07-30,37.33,43.557808779563075
2024-07-31,37.67,43.67737059799284
2024-08-01,38.0,43.8255479635657
2024-08-02,38.33,43.62886792728716
2024-08-05,38.67,43.94648809631464
2024-08-06,39.0,44.042466843285816
2024-08-07,39.33,44.06723193050914
2024-08-08,39.67,44.14516763166565
2024-08-09,40.0,43.905574728498095
2024-08-12,40.33,44.278841082051095
2024-08-13,40.67,44.45884832650986
2024-08-14,41.0,44.60088050040038
2024-08-15,41.33,44.82867962103262
2024-08-16,41.67,44.77027726777539
2024-08-19,42.0,45.853436481085
2024-08-20,42.33,46.31557873066727
2024-08-21,42.67,46.75634720306238
2024-08-22,43.0,47.29521542457237
2024-08-23,43.33,47.555661269006194
2024-08-26,43.67,49.59386778289398
2024-08-27,44.0,50.35748420075994
2024-08-28,44.33,51.083217783649104
2024-08-29,44.67,51.88592598897994
2024-08-30,45.0,52.38471772202057
2024-09-02,44.75,54.946223543473295
2024-09-03,44.5,55.8094049829834
2024-09-04,44.25,56.59290304150838
2024-09-05,44.0,57.409674048360884
2024-09-06,43.75,57.87742416397782
2024-09-09,43.5,60.06864784030886
2024-09-10,43.25,60.71628373240515
2024-09-11,43.0,61.23948039527859
2024-09-12,42.75,61.752633947469455
2024-09-13,42.5,61.87529383144168
2024-09-16,42.25,62.80630673835159
2024-09-17,42.0,62.968477029650636
2024-09-18,41.75,62.979011664557206
2024-09-19,41.5,62.955974026747874
2024-09-20,41.25,62.522787444638595
2024-09-23,41.0,61.70962732503419
2024-09-24,40.75,61.27930440938603
2024-09-25,40.5,60.699265001797215
2024-09-26,40.25,60.09214850156042
2024-09-27,40.0,59.085977099675716
2024-09-30,39.75,56.6660862140283
2024-10-01,39.5,55.75245475685735
2024-10-02,39.25,54.7223528248306
2024-10-03,39.0,53.70240426941138
2024-10-04,38.75,52.32436123004409
2024-10-07,38.5,49.067043315064645
2024-10-08,38.25,47.97582472989161
2024-10-09,38.0,46.822159606092086
2024-10-10,37.75,45.73382098664011
2024-10-11,37.5,44.343119712910294
2024-10-14,37.25,41.37829853957889
2024-10-15,37.0,40.49012380209263
2024-10-16,36.75,39.58829482943039
2024-10-17,36.5,38.797211457203744
2024-10-18,36.25,37.74519063346099
2024-10-21,36.0,35.996706380757416
2024-10-22,35.75,35.5623347541218
2024-10-23,35.5,35.12840263063352
2024-10-24,35.25,34.812927384125615
2024-10-25,35.0,34.237769754970884
2024-10-28,35.25,33.86413177768757
2024-10-29,35.5,33.84961268043537
2024-10-30,35.75,33.80741409985306
2024-10-31,36.0,33.851047558827595
2024-11-01,36.25,33.59855937846222
2024-11-04,36.5,33.948085893171594
2024-11-05,36.75,34.08862159958021
2024-11-06,37.0,34.1585615593637
2024-11-07,37.25,34.272838795882045
2024-11-08,37.5,34.05180050979454
2024-11-11,37.75,34.29547819089052
2024-11-12,38.0,34.349049845657404
2024-11-13,38.25,34.31503666295322
2024-11-14,38.5,34.3142151562352
2024-11-15,38.75,33.97293649173789
2024-11-18,39.0,33.88438425295553
2024-11-19,39.25,33.85522399276833
2024-11-20,39.5,33.760615172973786
2024-11-21,39.75,33.725267288909855
2024-11-22,40.0,33.37868053419131
2024-11-25,40.25,33.4675850333162
2024-11-26,40.5,33.56324059367648
2024-11-27,40.75,33.62440880637843
2024-11-28,41.0,33.77322615988915
2024-11-29,41.25,33.63572096431753
2024-12-02,41.5,34.45500603044576
2024-12-03,41.75,34.809968247813
2024-12-04,42.0,35.128040951122564
2024-12-05,42.25,35.5248526238995
2024-12-06,42.5,35.6199444971651
2024-12-09,42.75,36.98356123159983
2024-12-10,43.0,37.45082898776023
2024-12-11,43.25,37.83933600790256
2024-12-12,43.5,38.261602151170294
2024-12-13,43.75,38.335043278496805
2024-12-16,44.0,39.34575229776434
2024-12-17,44.25,39.60307859023519
2024-12-18,44.5,39.74000211760569
2024-12-19,44.75,39.873241835245146
2024-12-20,45.0,39.6252864520179
2024-12-23,45.0,39.538817299065926
2024-12-24,45.0,39.40896817718489
2024-12-25,45.0,39.160091469549286
2024-12-26,45.0,38.91619656374121
2024-12-27,45.0,38.306836625004216
2024-12-30,45.0,37.2942934450672
2024-12-31,45.0,36.926376030976115
2025-01-01,45.0,36.481583802734974
2025-01-02,45.33,36.086558690227164
2025-01-03,45.67,35.372416051674385
2025-01-06,46.0,34.32281594752406
2025-01-07,46.33,34.029386772108964
2025-01-08,46.67,33.69724853718833
2025-01-09,47.0,33.44860867239006
2025-01-10,47.33,32.90946507422263
2025-01-13,47.67,32.49830747087296
2025-01-14,48.0,32.43490408415076
2025-01-15,48.33,32.33110586664683
2025-01-16,48.67,32.303312273083854
2025-01-17,49.0,31.972185459476645
2025-01-20,49.33,32.06475455539451
2025-01-21,49.67,32.118829426840726
2025-01-22,50.0,32.10447876353126
2025-01-23,50.33,32.13791493949235
2025-01-24,50.67,31.840624101554322
2025-01-27,51.0,31.89287738610617
2025-01-28,51.33,31.897974351229905
2025-01-29,51.67,31.82446809342797
2025-01-30,52.0,31.793870567220136
2025-01-31,52.33,31.43324049397627
2025-02-03,52.67,31.355796211104522
2025-02-04,53.0,31.355390558010793
2025-02-05,53.33,31.302914502748983
2025-02-06,53.67,31.323467101533165
2025-02-07,54.0,31.046831161773152
2025-02-10,54.33,31.430709235411072
2025-02-11,59.0,31.652541181031967
2025-02-12,57.31,31.853099515608964
2025-02-13,55.62,32.15379850882309
2025-02-14,53.93,32.1797385022337
2025-02-17,52.24,33.546392559917976
2025-02-18,50.55,34.09773475561003
2025-02-19,48.86,34.61616819495855
2025-02-20,47.17,35.21531264003907
2025-02-21,45.48,35.51259019805861
2025-02-24,45.67,37.45970502523995
2025-02-25,45.55,38.1063134461986
2025-02-26,45.44,38.66293749811264
2025-02-27,45.32,39.240046802331726
2025-02-28,45.2,39.45315140062048
